id,bid_month,system_time,real_lowest_price_time,real_lowest_price,alert_price,avg_price,bid_people_num,license_num,lowest_price,lowest_price_time,lowest_price_time_order,result
7529,17.01,9.30,8.33,86600,86000,87685,232101,12215,87600,9.57,4000,0
7530,17.01,9.31,8.31,86600,86000,87685,232101,12215,87600,9.57,4000,0
7531,17.01,9.32,8.28,86600,86000,87685,232101,12215,87600,9.57,4000,0
7532,17.01,9.33,8.25,86600,86000,87685,232101,12215,87600,9.57,4000,0
7533,17.01,9.34,8.22,86600,86000,87685,232101,12215,87600,9.57,4000,0
7534,17.01,9.35,8.15,86600,86000,87685,232101,12215,87600,9.57,4000,0
7535,17.01,9.36,8.10,86600,86000,87685,232101,12215,87600,9.57,4000,0
7536,17.01,9.37,8.03,86600,86000,87685,232101,12215,87600,9.57,4000,0
7537,17.01,9.38,7.52,86600,86000,87685,232101,12215,87600,9.57,4000,0
7538,17.01,9.39,7.41,86600,86000,87685,232101,12215,87600,9.57,4000,0
7539,17.01,9.40,7.28,86600,86000,87685,232101,12215,87600,9.57,4000,0
7540,17.01,9.41,7.12,86600,86000,87685,232101,12215,87600,9.57,4000,0
7541,17.01,9.42,9.16,86700,86000,87685,232101,12215,87600,9.57,4000,0
7542,17.01,9.43,9.21,86800,86000,87685,232101,12215,87600,9.57,4000,0
7543,17.01,9.44,9.41,86900,86000,87685,232101,12215,87600,9.57,4000,0
7544,17.01,9.45,9.33,86900,86000,87685,232101,12215,87600,9.57,4000,0
7545,17.01,9.46,9.22,86900,86000,87685,232101,12215,87600,9.57,4000,0
7546,17.01,9.47,9.46,87000,86000,87685,232101,12215,87600,9.57,4000,0
7547,17.01,9.48,9.44,87000,86000,87685,232101,12215,87600,9.57,4000,0
7548,17.01,9.49,9.42,87000,86000,87685,232101,12215,87600,9.57,4000,0
7549,17.01,9.50,9.49,87100,86000,87685,232101,12215,87600,9.57,4000,0
7550,17.01,9.51,9.45,87100,86000,87685,232101,12215,87600,9.57,4000,0
7551,17.01,9.52,9.44,87100,86000,87685,232101,12215,87600,9.57,4000,0
7552,17.01,9.53,9.43,87100,86000,87685,232101,12215,87600,9.57,4000,0
7553,17.01,9.54,9.43,87100,86000,87685,232101,12215,87600,9.57,4000,0
7554,17.01,9.55,9.51,87200,86000,87685,232101,12215,87600,9.57,4000,0
7555,17.01,9.56,9.45,87200,86000,87685,232101,12215,87600,9.57,4000,0
7556,17.01,9.57,9.51,87300,86000,87685,232101,12215,87600,9.57,4000,0
7557,17.01,9.58,9.53,87400,86000,87685,232101,12215,87600,9.57,4000,0
7558,17.01,9.59,9.55,87500,86000,87685,232101,12215,87600,9.57,4000,0
7559,17.01,9.60,9.57,87600,86000,87685,232101,12215,87600,9.57,4000,1
7404,16.12,9.30,8.45,87400,86800,88412,219882,12261,88300,9.54,1512,0
7405,16.12,9.31,8.42,87400,86800,88412,219882,12261,88300,9.54,1512,0
7406,16.12,9.32,8.40,87400,86800,88412,219882,12261,88300,9.54,1512,0
7407,16.12,9.33,8.38,87400,86800,88412,219882,12261,88300,9.54,1512,0
7408,16.12,9.34,8.36,87400,86800,88412,219882,12261,88300,9.54,1512,0
7409,16.12,9.35,8.31,87400,86800,88412,219882,12261,88300,9.54,1512,0
7410,16.12,9.36,8.24,87400,86800,88412,219882,12261,88300,9.54,1512,0
7411,16.12,9.37,8.17,87400,86800,88412,219882,12261,88300,9.54,1512,0
7412,16.12,9.38,8.13,87400,86800,88412,219882,12261,88300,9.54,1512,0
7413,16.12,9.39,8.08,87400,86800,88412,219882,12261,88300,9.54,1512,0
7414,16.12,9.40,7.59,87400,86800,88412,219882,12261,88300,9.54,1512,0
7415,16.12,9.41,7.46,87400,86800,88412,219882,12261,88300,9.54,1512,0
7416,16.12,9.42,7.34,87400,86800,88412,219882,12261,88300,9.54,1512,0
7417,16.12,9.43,7.17,87400,86800,88412,219882,12261,88300,9.54,1512,0
7418,16.12,9.44,9.15,87500,86800,88412,219882,12261,88300,9.54,1512,0
7419,16.12,9.45,9.17,87600,86800,88412,219882,12261,88300,9.54,1512,0
7420,16.12,9.46,9.37,87700,86800,88412,219882,12261,88300,9.54,1512,0
7421,16.12,9.47,9.13,87700,86800,88412,219882,12261,88300,9.54,1512,0
7422,16.12,9.48,9.44,87800,86800,88412,219882,12261,88300,9.54,1512,0
7423,16.12,9.49,9.44,87800,86800,88412,219882,12261,88300,9.54,1512,0
7424,16.12,9.50,9.48,87900,86800,88412,219882,12261,88300,9.54,1512,0
7425,16.12,9.51,9.46,87900,86800,88412,219882,12261,88300,9.54,1512,0
7426,16.12,9.52,9.45,87900,86800,88412,219882,12261,88300,9.54,1512,0
7427,16.12,9.53,9.45,87900,86800,88412,219882,12261,88300,9.54,1512,0
7428,16.12,9.54,9.52,88000,86800,88412,219882,12261,88300,9.54,1512,0
7429,16.12,9.55,9.47,88000,86800,88412,219882,12261,88300,9.54,1512,0
7430,16.12,9.56,9.46,88000,86800,88412,219882,12261,88300,9.54,1512,0
7431,16.12,9.57,9.52,88100,86800,88412,219882,12261,88300,9.54,1512,0
7432,16.12,9.58,9.48,88100,86800,88412,219882,12261,88300,9.54,1512,0
7433,16.12,9.59,9.53,88200,86800,88412,219882,12261,88300,9.54,1512,0
7434,16.12,9.60,9.54,88300,86800,88412,219882,12261,88300,9.54,1512,1
1363,16.11,9.30,9.20,87500,86800,88665,215424,11549,88600,9.57,2181,0
1364,16.11,9.31,8.59,87500,86800,88665,215424,11549,88600,9.57,2181,0
1365,16.11,9.32,8.51,87500,86800,88665,215424,11549,88600,9.57,2181,0
1366,16.11,9.33,8.46,87500,86800,88665,215424,11549,88600,9.57,2181,0
1367,16.11,9.34,8.37,87500,86800,88665,215424,11549,88600,9.57,2181,0
1368,16.11,9.35,9.22,87600,86800,88665,215424,11549,88600,9.57,2181,0
1369,16.11,9.36,9.12,87600,86800,88665,215424,11549,88600,9.57,2181,0
1370,16.11,9.37,9.07,87600,86800,88665,215424,11549,88600,9.57,2181,0
1371,16.11,9.38,8.58,87600,86800,88665,215424,11549,88600,9.57,2181,0
1372,16.11,9.39,9.36,87700,86800,88665,215424,11549,88600,9.57,2181,0
1373,16.11,9.40,9.30,87700,86800,88665,215424,11549,88600,9.57,2181,0
1374,16.11,9.41,9.25,87700,86800,88665,215424,11549,88600,9.57,2181,0
1375,16.11,9.42,9.20,87700,86800,88665,215424,11549,88600,9.57,2181,0
1376,16.11,9.43,9.17,87700,86800,88665,215424,11549,88600,9.57,2181,0
1377,16.11,9.44,9.15,87700,86800,88665,215424,11549,88600,9.57,2181,0
1378,16.11,9.45,9.12,87700,86800,88665,215424,11549,88600,9.57,2181,0
1379,16.11,9.46,9.10,87700,86800,88665,215424,11549,88600,9.57,2181,0
1380,16.11,9.47,9.06,87700,86800,88665,215424,11549,88600,9.57,2181,0
1381,16.11,9.48,9.44,87800,86800,88665,215424,11549,88600,9.57,2181,0
1382,16.11,9.49,9.31,87800,86800,88665,215424,11549,88600,9.57,2181,0
1383,16.11,9.50,9.46,88000,86800,88665,215424,11549,88600,9.57,2181,0
1384,16.11,9.51,9.41,88000,86800,88665,215424,11549,88600,9.57,2181,0
1385,16.11,9.52,9.49,88100,86800,88665,215424,11549,88600,9.57,2181,0
1386,16.11,9.53,9.48,88100,86800,88665,215424,11549,88600,9.57,2181,0
1387,16.11,9.54,9.50,88200,86800,88665,215424,11549,88600,9.57,2181,0
1388,16.11,9.55,9.51,88300,86800,88665,215424,11549,88600,9.57,2181,0
1389,16.11,9.56,9.53,88400,86800,88665,215424,11549,88600,9.57,2181,0
1390,16.11,9.57,9.55,88500,86800,88665,215424,11549,88600,9.57,2181,0
1391,16.11,9.58,9.54,88500,86800,88665,215424,11549,88600,9.57,2181,0
1392,16.11,9.59,9.58,88600,86800,88665,215424,11549,88600,9.57,2181,1
1238,16.10,9.30,7.40,87400,86800,88359,213212,11621,88300,9.59,759,0
1239,16.10,9.31,7.34,87400,86800,88359,213212,11621,88300,9.59,759,0
1240,16.10,9.32,7.27,87400,86800,88359,213212,11621,88300,9.59,759,0
1241,16.10,9.33,7.21,87400,86800,88359,213212,11621,88300,9.59,759,0
1242,16.10,9.34,7.12,87400,86800,88359,213212,11621,88300,9.59,759,0
1243,16.10,9.35,9.26,87500,86800,88359,213212,11621,88300,9.59,759,0
1244,16.10,9.36,9.18,87500,86800,88359,213212,11621,88300,9.59,759,0
1245,16.10,9.37,9.13,87500,86800,88359,213212,11621,88300,9.59,759,0
1246,16.10,9.38,9.12,87500,86800,88359,213212,11621,88300,9.59,759,0
1247,16.10,9.39,9.10,87500,86800,88359,213212,11621,88300,9.59,759,0
1248,16.10,9.40,9.09,87500,86800,88359,213212,11621,88300,9.59,759,0
1249,16.10,9.41,9.08,87500,86800,88359,213212,11621,88300,9.59,759,0
1250,16.10,9.42,9.05,87500,86800,88359,213212,11621,88300,9.59,759,0
1251,16.10,9.43,9.36,87600,86800,88359,213212,11621,88300,9.59,759,0
1252,16.10,9.44,9.41,87700,86800,88359,213212,11621,88300,9.59,759,0
1253,16.10,9.45,9.30,87700,86800,88359,213212,11621,88300,9.59,759,0
1254,16.10,9.46,9.45,87900,86800,88359,213212,11621,88300,9.59,759,0
1255,16.10,9.47,9.43,87900,86800,88359,213212,11621,88300,9.59,759,0
1256,16.10,9.48,9.46,88000,86800,88359,213212,11621,88300,9.59,759,0
1257,16.10,9.49,9.45,88000,86800,88359,213212,11621,88300,9.59,759,0
1258,16.10,9.50,9.45,88000,86800,88359,213212,11621,88300,9.59,759,0
1259,16.10,9.51,9.45,88000,86800,88359,213212,11621,88300,9.59,759,0
1260,16.10,9.52,9.45,88000,86800,88359,213212,11621,88300,9.59,759,0
1261,16.10,9.53,9.44,88000,86800,88359,213212,11621,88300,9.59,759,0
1262,16.10,9.54,9.44,88000,86800,88359,213212,11621,88300,9.59,759,0
1263,16.10,9.55,9.51,88100,86800,88359,213212,11621,88300,9.59,759,0
1264,16.10,9.56,9.48,88100,86800,88359,213212,11621,88300,9.59,759,0
1265,16.10,9.57,9.46,88100,86800,88359,213212,11621,88300,9.59,759,0
1266,16.10,9.58,9.46,88100,86800,88359,213212,11621,88300,9.59,759,0
1267,16.10,9.59,9.56,88200,86800,88359,213212,11621,88300,9.59,759,0
1268,16.10,9.60,9.59,88300,86800,88359,213212,11621,88300,9.59,759,1
1113,16.09,9.30,8.40,85400,84800,86523,229544,12889,86500,9.59,2864,0
1114,16.09,9.31,8.38,85400,84800,86523,229544,12889,86500,9.59,2864,0
1115,16.09,9.32,8.36,85400,84800,86523,229544,12889,86500,9.59,2864,0
1116,16.09,9.33,8.33,85400,84800,86523,229544,12889,86500,9.59,2864,0
1117,16.09,9.34,8.30,85400,84800,86523,229544,12889,86500,9.59,2864,0
1118,16.09,9.35,8.26,85400,84800,86523,229544,12889,86500,9.59,2864,0
1119,16.09,9.36,8.20,85400,84800,86523,229544,12889,86500,9.59,2864,0
1120,16.09,9.37,8.13,85400,84800,86523,229544,12889,86500,9.59,2864,0
1121,16.09,9.38,8.09,85400,84800,86523,229544,12889,86500,9.59,2864,0
1122,16.09,9.39,8.03,85400,84800,86523,229544,12889,86500,9.59,2864,0
1123,16.09,9.40,7.56,85400,84800,86523,229544,12889,86500,9.59,2864,0
1124,16.09,9.41,7.50,85400,84800,86523,229544,12889,86500,9.59,2864,0
1125,16.09,9.42,7.41,85400,84800,86523,229544,12889,86500,9.59,2864,0
1126,16.09,9.43,7.33,85400,84800,86523,229544,12889,86500,9.59,2864,0
1127,16.09,9.44,9.24,85500,84800,86523,229544,12889,86500,9.59,2864,0
1128,16.09,9.45,9.16,85600,84800,86523,229544,12889,86500,9.59,2864,0
1129,16.09,9.46,9.36,85700,84800,86523,229544,12889,86500,9.59,2864,0
1130,16.09,9.47,9.13,85700,84800,86523,229544,12889,86500,9.59,2864,0
1131,16.09,9.48,9.47,85900,84800,86523,229544,12889,86500,9.59,2864,0
1132,16.09,9.49,9.46,85900,84800,86523,229544,12889,86500,9.59,2864,0
1133,16.09,9.50,9.46,85900,84800,86523,229544,12889,86500,9.59,2864,0
1134,16.09,9.51,9.45,85900,84800,86523,229544,12889,86500,9.59,2864,0
1135,16.09,9.52,9.51,86000,84800,86523,229544,12889,86500,9.59,2864,0
1136,16.09,9.53,9.48,86000,84800,86523,229544,12889,86500,9.59,2864,0
1137,16.09,9.54,9.47,86000,84800,86523,229544,12889,86500,9.59,2864,0
1138,16.09,9.55,9.46,86000,84800,86523,229544,12889,86500,9.59,2864,0
1139,16.09,9.56,9.49,86100,84800,86523,229544,12889,86500,9.59,2864,0
1140,16.09,9.57,9.54,86200,84800,86523,229544,12889,86500,9.59,2864,0
1141,16.09,9.58,9.48,86200,84800,86523,229544,12889,86500,9.59,2864,0
1142,16.09,9.59,9.53,86300,84800,86523,229544,12889,86500,9.59,2864,0
1143,16.09,9.60,9.59,86500,84800,86523,229544,12889,86500,9.59,2864,1
988,16.08,9.30,9.10,85700,84800,86946,251188,11549,86900,9.58,3113,0
989,16.08,9.31,9.09,85700,84800,86946,251188,11549,86900,9.58,3113,0
990,16.08,9.32,9.09,85700,84800,86946,251188,11549,86900,9.58,3113,0
991,16.08,9.33,9.08,85700,84800,86946,251188,11549,86900,9.58,3113,0
992,16.08,9.34,9.08,85700,84800,86946,251188,11549,86900,9.58,3113,0
993,16.08,9.35,9.07,85700,84800,86946,251188,11549,86900,9.58,3113,0
994,16.08,9.36,9.07,85700,84800,86946,251188,11549,86900,9.58,3113,0
995,16.08,9.37,9.05,85700,84800,86946,251188,11549,86900,9.58,3113,0
996,16.08,9.38,9.03,85700,84800,86946,251188,11549,86900,9.58,3113,0
997,16.08,9.39,8.59,85700,84800,86946,251188,11549,86900,9.58,3113,0
998,16.08,9.40,8.55,85700,84800,86946,251188,11549,86900,9.58,3113,0
999,16.08,9.41,9.39,85800,84800,86946,251188,11549,86900,9.58,3113,0
1000,16.08,9.42,9.18,85800,84800,86946,251188,11549,86900,9.58,3113,0
1001,16.08,9.43,9.24,85900,84800,86946,251188,11549,86900,9.58,3113,0
1002,16.08,9.44,9.38,86000,84800,86946,251188,11549,86900,9.58,3113,0
1003,16.08,9.45,9.28,86000,84800,86946,251188,11549,86900,9.58,3113,0
1004,16.08,9.46,9.42,86100,84800,86946,251188,11549,86900,9.58,3113,0
1005,16.08,9.47,9.45,86200,84800,86946,251188,11549,86900,9.58,3113,0
1006,16.08,9.48,9.44,86200,84800,86946,251188,11549,86900,9.58,3113,0
1007,16.08,9.49,9.43,86200,84800,86946,251188,11549,86900,9.58,3113,0
1008,16.08,9.50,9.48,86300,84800,86946,251188,11549,86900,9.58,3113,0
1009,16.08,9.51,9.46,86300,84800,86946,251188,11549,86900,9.58,3113,0
1010,16.08,9.52,9.45,86300,84800,86946,251188,11549,86900,9.58,3113,0
1011,16.08,9.53,9.45,86300,84800,86946,251188,11549,86900,9.58,3113,0
1012,16.08,9.54,9.51,86400,84800,86946,251188,11549,86900,9.58,3113,0
1013,16.08,9.55,9.46,86400,84800,86946,251188,11549,86900,9.58,3113,0
1014,16.08,9.56,9.51,86500,84800,86946,251188,11549,86900,9.58,3113,0
1015,16.08,9.57,9.55,86600,84800,86946,251188,11549,86900,9.58,3113,0
1016,16.08,9.58,9.56,86700,84800,86946,251188,11549,86900,9.58,3113,0
1017,16.08,9.59,9.57,86800,84800,86946,251188,11549,86900,9.58,3113,0
1018,16.08,9.60,9.58,86900,84800,86946,251188,11549,86900,9.58,3113,1
863,16.07,9.30,8.32,85700,84800,87235,240750,11475,87200,9.57,2457,0
864,16.07,9.31,8.25,85700,84800,87235,240750,11475,87200,9.57,2457,0
865,16.07,9.32,9.24,85800,84800,87235,240750,11475,87200,9.57,2457,0
866,16.07,9.33,9.17,85800,84800,87235,240750,11475,87200,9.57,2457,0
867,16.07,9.34,9.11,85800,84800,87235,240750,11475,87200,9.57,2457,0
868,16.07,9.35,9.25,85900,84800,87235,240750,11475,87200,9.57,2457,0
869,16.07,9.36,9.14,85900,84800,87235,240750,11475,87200,9.57,2457,0
870,16.07,9.37,9.34,86000,84800,87235,240750,11475,87200,9.57,2457,0
871,16.07,9.38,9.29,86000,84800,87235,240750,11475,87200,9.57,2457,0
872,16.07,9.39,9.21,86000,84800,87235,240750,11475,87200,9.57,2457,0
873,16.07,9.40,9.39,86100,84800,87235,240750,11475,87200,9.57,2457,0
874,16.07,9.41,9.34,86100,84800,87235,240750,11475,87200,9.57,2457,0
875,16.07,9.42,9.37,86200,84800,87235,240750,11475,87200,9.57,2457,0
876,16.07,9.43,9.42,86300,84800,87235,240750,11475,87200,9.57,2457,0
877,16.07,9.44,9.39,86300,84800,87235,240750,11475,87200,9.57,2457,0
878,16.07,9.45,9.37,86300,84800,87235,240750,11475,87200,9.57,2457,0
879,16.07,9.46,9.41,86400,84800,87235,240750,11475,87200,9.57,2457,0
880,16.07,9.47,9.46,86500,84800,87235,240750,11475,87200,9.57,2457,0
881,16.07,9.48,9.44,86500,84800,87235,240750,11475,87200,9.57,2457,0
882,16.07,9.49,9.47,86600,84800,87235,240750,11475,87200,9.57,2457,0
883,16.07,9.50,9.45,86600,84800,87235,240750,11475,87200,9.57,2457,0
884,16.07,9.51,9.43,86600,84800,87235,240750,11475,87200,9.57,2457,0
885,16.07,9.52,9.47,86700,84800,87235,240750,11475,87200,9.57,2457,0
886,16.07,9.53,9.49,86800,84800,87235,240750,11475,87200,9.57,2457,0
887,16.07,9.54,9.52,86900,84800,87235,240750,11475,87200,9.57,2457,0
888,16.07,9.55,9.49,86900,84800,87235,240750,11475,87200,9.57,2457,0
889,16.07,9.56,9.52,87000,84800,87235,240750,11475,87200,9.57,2457,0
890,16.07,9.57,9.55,87100,84800,87235,240750,11475,87200,9.57,2457,0
891,16.07,9.58,9.54,87100,84800,87235,240750,11475,87200,9.57,2457,0
892,16.07,9.59,9.58,87200,84800,87235,240750,11475,87200,9.57,2457,1
893,16.07,9.60,9.57,87200,84800,87235,240750,11475,87200,9.57,2457,1
738,16.06,9.30,9.07,83800,82800,84483,275438,11546,84400,9.54,292,0
739,16.06,9.31,9.06,83800,82800,84483,275438,11546,84400,9.54,292,0
740,16.06,9.32,9.05,83800,82800,84483,275438,11546,84400,9.54,292,0
741,16.06,9.33,8.59,83800,82800,84483,275438,11546,84400,9.54,292,0
742,16.06,9.34,9.21,83900,82800,84483,275438,11546,84400,9.54,292,0
743,16.06,9.35,9.14,83900,82800,84483,275438,11546,84400,9.54,292,0
744,16.06,9.36,9.33,84000,82800,84483,275438,11546,84400,9.54,292,0
745,16.06,9.37,9.28,84000,82800,84483,275438,11546,84400,9.54,292,0
746,16.06,9.38,9.24,84000,82800,84483,275438,11546,84400,9.54,292,0
747,16.06,9.39,9.21,84000,82800,84483,275438,11546,84400,9.54,292,0
748,16.06,9.40,9.19,84000,82800,84483,275438,11546,84400,9.54,292,0
749,16.06,9.41,9.17,84000,82800,84483,275438,11546,84400,9.54,292,0
750,16.06,9.42,9.13,84000,82800,84483,275438,11546,84400,9.54,292,0
751,16.06,9.43,9.41,84100,82800,84483,275438,11546,84400,9.54,292,0
752,16.06,9.44,9.39,84100,82800,84483,275438,11546,84400,9.54,292,0
753,16.06,9.45,9.36,84100,82800,84483,275438,11546,84400,9.54,292,0
754,16.06,9.46,9.35,84100,82800,84483,275438,11546,84400,9.54,292,0
755,16.06,9.47,9.33,84100,82800,84483,275438,11546,84400,9.54,292,0
756,16.06,9.48,9.31,84100,82800,84483,275438,11546,84400,9.54,292,0
757,16.06,9.49,9.29,84100,82800,84483,275438,11546,84400,9.54,292,0
758,16.06,9.50,9.27,84100,82800,84483,275438,11546,84400,9.54,292,0
759,16.06,9.51,9.26,84100,82800,84483,275438,11546,84400,9.54,292,0
760,16.06,9.52,9.23,84100,82800,84483,275438,11546,84400,9.54,292,0
761,16.06,9.53,9.51,84200,82800,84483,275438,11546,84400,9.54,292,0
762,16.06,9.54,9.42,84200,82800,84483,275438,11546,84400,9.54,292,0
763,16.06,9.55,9.36,84200,82800,84483,275438,11546,84400,9.54,292,0
764,16.06,9.56,9.51,84300,82800,84483,275438,11546,84400,9.54,292,0
765,16.06,9.57,9.47,84300,82800,84483,275438,11546,84400,9.54,292,0
766,16.06,9.58,9.45,84300,82800,84483,275438,11546,84400,9.54,292,0
767,16.06,9.59,9.37,84300,82800,84483,275438,11546,84400,9.54,292,0
768,16.06,9.60,9.54,84400,82800,84483,275438,11546,84400,9.54,292,1
610,16.05,9.30,9.17,84000,82800,85058,277889,11598,85000,9.58,696,0
611,16.05,9.31,9.16,84000,82800,85058,277889,11598,85000,9.58,696,0
612,16.05,9.32,9.15,84000,82800,85058,277889,11598,85000,9.58,696,0
613,16.05,9.33,9.14,84000,82800,85058,277889,11598,85000,9.58,696,0
614,16.05,9.34,9.14,84000,82800,85058,277889,11598,85000,9.58,696,0
615,16.05,9.35,9.13,84000,82800,85058,277889,11598,85000,9.58,696,0
616,16.05,9.36,9.12,84000,82800,85058,277889,11598,85000,9.58,696,0
617,16.05,9.37,9.11,84000,82800,85058,277889,11598,85000,9.58,696,0
618,16.05,9.38,9.10,84000,82800,85058,277889,11598,85000,9.58,696,0
619,16.05,9.39,9.09,84000,82800,85058,277889,11598,85000,9.58,696,0
620,16.05,9.40,9.08,84000,82800,85058,277889,11598,85000,9.58,696,0
621,16.05,9.41,9.07,84000,82800,85058,277889,11598,85000,9.58,696,0
622,16.05,9.42,9.06,84000,82800,85058,277889,11598,85000,9.58,696,0
623,16.05,9.43,9.01,84000,82800,85058,277889,11598,85000,9.58,696,0
624,16.05,9.44,9.35,84100,82800,85058,277889,11598,85000,9.58,696,0
625,16.05,9.45,9.27,84100,82800,85058,277889,11598,85000,9.58,696,0
626,16.05,9.46,9.31,84200,82800,85058,277889,11598,85000,9.58,696,0
627,16.05,9.47,9.45,84300,82800,85058,277889,11598,85000,9.58,696,0
628,16.05,9.48,9.38,84300,82800,85058,277889,11598,85000,9.58,696,0
629,16.05,9.49,9.32,84300,82800,85058,277889,11598,85000,9.58,696,0
630,16.05,9.50,9.47,84400,82800,85058,277889,11598,85000,9.58,696,0
631,16.05,9.51,9.45,84400,82800,85058,277889,11598,85000,9.58,696,0
632,16.05,9.52,9.45,84400,82800,85058,277889,11598,85000,9.58,696,0
633,16.05,9.53,9.50,84500,82800,85058,277889,11598,85000,9.58,696,0
634,16.05,9.54,9.47,84500,82800,85058,277889,11598,85000,9.58,696,0
635,16.05,9.55,9.53,84600,82800,85058,277889,11598,85000,9.58,696,0
636,16.05,9.56,9.55,84700,82800,85058,277889,11598,85000,9.58,696,0
637,16.05,9.57,9.55,84800,82800,85058,277889,11598,85000,9.58,696,0
638,16.05,9.58,9.57,84900,82800,85058,277889,11598,85000,9.58,696,0
639,16.05,9.59,9.55,84900,82800,85058,277889,11598,85000,9.58,696,0
640,16.05,9.60,9.58,85000,82800,85058,277889,11598,85000,9.58,696,1
482,16.04,9.30,9.08,84000,82800,85127,256897,11829,85100,9.59,1396,0
483,16.04,9.31,9.07,84000,82800,85127,256897,11829,85100,9.59,1396,0
484,16.04,9.32,9.06,84000,82800,85127,256897,11829,85100,9.59,1396,0
485,16.04,9.33,9.04,84000,82800,85127,256897,11829,85100,9.59,1396,0
486,16.04,9.34,9.01,84000,82800,85127,256897,11829,85100,9.59,1396,0
487,16.04,9.35,8.58,84000,82800,85127,256897,11829,85100,9.59,1396,0
488,16.04,9.36,8.54,84000,82800,85127,256897,11829,85100,9.59,1396,0
489,16.04,9.37,8.50,84000,82800,85127,256897,11829,85100,9.59,1396,0
490,16.04,9.38,8.44,84000,82800,85127,256897,11829,85100,9.59,1396,0
491,16.04,9.39,9.27,84100,82800,85127,256897,11829,85100,9.59,1396,0
492,16.04,9.40,9.20,84100,82800,85127,256897,11829,85100,9.59,1396,0
493,16.04,9.41,9.31,84200,82800,85127,256897,11829,85100,9.59,1396,0
494,16.04,9.42,9.24,84200,82800,85127,256897,11829,85100,9.59,1396,0
495,16.04,9.43,9.40,84300,82800,85127,256897,11829,85100,9.59,1396,0
496,16.04,9.44,9.37,84300,82800,85127,256897,11829,85100,9.59,1396,0
497,16.04,9.45,9.31,84300,82800,85127,256897,11829,85100,9.59,1396,0
498,16.04,9.46,9.24,84300,82800,85127,256897,11829,85100,9.59,1396,0
499,16.04,9.47,9.45,84400,82800,85127,256897,11829,85100,9.59,1396,0
500,16.04,9.48,9.42,84400,82800,85127,256897,11829,85100,9.59,1396,0
501,16.04,9.49,9.39,84400,82800,85127,256897,11829,85100,9.59,1396,0
502,16.04,9.50,9.47,84500,82800,85127,256897,11829,85100,9.59,1396,0
503,16.04,9.51,9.44,84500,82800,85127,256897,11829,85100,9.59,1396,0
504,16.04,9.52,9.41,84500,82800,85127,256897,11829,85100,9.59,1396,0
505,16.04,9.53,9.49,84600,82800,85127,256897,11829,85100,9.59,1396,0
506,16.04,9.54,9.44,84600,82800,85127,256897,11829,85100,9.59,1396,0
507,16.04,9.55,9.51,84700,82800,85127,256897,11829,85100,9.59,1396,0
508,16.04,9.56,9.53,84800,82800,85127,256897,11829,85100,9.59,1396,0
509,16.04,9.57,9.50,84800,82800,85127,256897,11829,85100,9.59,1396,0
510,16.04,9.58,9.53,84900,82800,85127,256897,11829,85100,9.59,1396,0
511,16.04,9.59,9.56,85000,82800,85127,256897,11829,85100,9.59,1396,0
512,16.04,9.60,9.59,85100,82800,85127,256897,11829,85100,9.59,1396,1
354,16.03,9.30,8.27,81800,80600,83148,221109,8310,83100,9.57,1040,0
355,16.03,9.31,9.22,81900,80600,83148,221109,8310,83100,9.57,1040,0
356,16.03,9.32,9.15,81900,80600,83148,221109,8310,83100,9.57,1040,0
357,16.03,9.33,9.17,82000,80600,83148,221109,8310,83100,9.57,1040,0
358,16.03,9.34,9.12,82000,80600,83148,221109,8310,83100,9.57,1040,0
359,16.03,9.35,9.34,82100,80600,83148,221109,8310,83100,9.57,1040,0
360,16.03,9.36,9.32,82100,80600,83148,221109,8310,83100,9.57,1040,0
361,16.03,9.37,9.28,82100,80600,83148,221109,8310,83100,9.57,1040,0
362,16.03,9.38,9.26,82100,80600,83148,221109,8310,83100,9.57,1040,0
363,16.03,9.39,9.24,82100,80600,83148,221109,8310,83100,9.57,1040,0
364,16.03,9.40,9.22,82100,80600,83148,221109,8310,83100,9.57,1040,0
365,16.03,9.41,9.19,82100,80600,83148,221109,8310,83100,9.57,1040,0
366,16.03,9.42,9.40,82200,80600,83148,221109,8310,83100,9.57,1040,0
367,16.03,9.43,9.38,82200,80600,83148,221109,8310,83100,9.57,1040,0
368,16.03,9.44,9.34,82200,80600,83148,221109,8310,83100,9.57,1040,0
369,16.03,9.45,9.42,82300,80600,83148,221109,8310,83100,9.57,1040,0
370,16.03,9.46,9.44,82400,80600,83148,221109,8310,83100,9.57,1040,0
371,16.03,9.47,9.38,82400,80600,83148,221109,8310,83100,9.57,1040,0
372,16.03,9.48,9.45,82500,80600,83148,221109,8310,83100,9.57,1040,0
373,16.03,9.49,9.44,82500,80600,83148,221109,8310,83100,9.57,1040,0
374,16.03,9.50,9.46,82600,80600,83148,221109,8310,83100,9.57,1040,0
375,16.03,9.51,9.49,82700,80600,83148,221109,8310,83100,9.57,1040,0
376,16.03,9.52,9.52,82800,80600,83148,221109,8310,83100,9.57,1040,0
377,16.03,9.53,9.50,82800,80600,83148,221109,8310,83100,9.57,1040,0
378,16.03,9.54,9.53,82900,80600,83148,221109,8310,83100,9.57,1040,0
379,16.03,9.55,9.55,83000,80600,83148,221109,8310,83100,9.57,1040,0
380,16.03,9.56,9.54,83000,80600,83148,221109,8310,83100,9.57,1040,0
381,16.03,9.57,9.53,83000,80600,83148,221109,8310,83100,9.57,1040,0
382,16.03,9.58,9.52,83000,80600,83148,221109,8310,83100,9.57,1040,0
383,16.03,9.59,9.57,83100,80600,83148,221109,8310,83100,9.57,1040,1
384,16.03,9.60,9.57,83100,80600,83148,221109,8310,83100,9.57,1040,1
226,16.02,9.30,8.26,81800,80600,83244,196470,8363,83200,9.58,224,0
227,16.02,9.31,9.21,81900,80600,83244,196470,8363,83200,9.58,224,0
228,16.02,9.32,9.16,81900,80600,83244,196470,8363,83200,9.58,224,0
229,16.02,9.33,9.29,82000,80600,83244,196470,8363,83200,9.58,224,0
230,16.02,9.34,9.16,82000,80600,83244,196470,8363,83200,9.58,224,0
231,16.02,9.35,9.35,82100,80600,83244,196470,8363,83200,9.58,224,0
232,16.02,9.36,9.32,82100,80600,83244,196470,8363,83200,9.58,224,0
233,16.02,9.37,9.28,82100,80600,83244,196470,8363,83200,9.58,224,0
234,16.02,9.38,9.23,82100,80600,83244,196470,8363,83200,9.58,224,0
235,16.02,9.39,9.15,82100,80600,83244,196470,8363,83200,9.58,224,0
236,16.02,9.40,9.38,82200,80600,83244,196470,8363,83200,9.58,224,0
237,16.02,9.41,9.35,82200,80600,83244,196470,8363,83200,9.58,224,0
238,16.02,9.42,9.42,82300,80600,83244,196470,8363,83200,9.58,224,0
239,16.02,9.43,9.36,82300,80600,83244,196470,8363,83200,9.58,224,0
240,16.02,9.44,9.41,82400,80600,83244,196470,8363,83200,9.58,224,0
241,16.02,9.45,9.36,82400,80600,83244,196470,8363,83200,9.58,224,0
242,16.02,9.46,9.43,82500,80600,83244,196470,8363,83200,9.58,224,0
243,16.02,9.47,9.47,82600,80600,83244,196470,8363,83200,9.58,224,0
244,16.02,9.48,9.45,82600,80600,83244,196470,8363,83200,9.58,224,0
245,16.02,9.49,9.48,82700,80600,83244,196470,8363,83200,9.58,224,0
246,16.02,9.50,9.46,82700,80600,83244,196470,8363,83200,9.58,224,0
247,16.02,9.51,9.49,82800,80600,83244,196470,8363,83200,9.58,224,0
248,16.02,9.52,9.50,82900,80600,83244,196470,8363,83200,9.58,224,0
249,16.02,9.53,9.53,83000,80600,83244,196470,8363,83200,9.58,224,0
250,16.02,9.54,9.52,83000,80600,83244,196470,8363,83200,9.58,224,0
251,16.02,9.55,9.50,83000,80600,83244,196470,8363,83200,9.58,224,0
252,16.02,9.56,9.55,83100,80600,83244,196470,8363,83200,9.58,224,0
253,16.02,9.57,9.54,83100,80600,83244,196470,8363,83200,9.58,224,0
254,16.02,9.58,9.58,83200,80600,83244,196470,8363,83200,9.58,224,1
255,16.02,9.59,9.58,83200,80600,83244,196470,8363,83200,9.58,224,1
256,16.02,9.60,9.58,83200,80600,83244,196470,8363,83200,9.58,224,1
98,16.01,9.30,9.20,81800,80600,82352,187533,9409,82200,9.46,491,0
99,16.01,9.31,9.18,81800,80600,82352,187533,9409,82200,9.46,491,0
100,16.01,9.32,9.17,81800,80600,82352,187533,9409,82200,9.46,491,0
101,16.01,9.33,9.15,81800,80600,82352,187533,9409,82200,9.46,491,0
102,16.01,9.34,9.14,81800,80600,82352,187533,9409,82200,9.46,491,0
103,16.01,9.35,9.12,81800,80600,82352,187533,9409,82200,9.46,491,0
104,16.01,9.36,9.10,81800,80600,82352,187533,9409,82200,9.46,491,0
105,16.01,9.37,9.09,81800,80600,82352,187533,9409,82200,9.46,491,0
106,16.01,9.38,9.07,81800,80600,82352,187533,9409,82200,9.46,491,0
107,16.01,9.39,9.05,81800,80600,82352,187533,9409,82200,9.46,491,0
108,16.01,9.40,9.02,81800,80600,82352,187533,9409,82200,9.46,491,0
109,16.01,9.41,8.58,81800,80600,82352,187533,9409,82200,9.46,491,0
110,16.01,9.42,8.54,81800,80600,82352,187533,9409,82200,9.46,491,0
111,16.01,9.43,8.48,81800,80600,82352,187533,9409,82200,9.46,491,0
112,16.01,9.44,9.33,81900,80600,82352,187533,9409,82200,9.46,491,0
113,16.01,9.45,9.30,81900,80600,82352,187533,9409,82200,9.46,491,0
114,16.01,9.46,9.22,81900,80600,82352,187533,9409,82200,9.46,491,0
115,16.01,9.47,9.37,82000,80600,82352,187533,9409,82200,9.46,491,0
116,16.01,9.48,9.33,82000,80600,82352,187533,9409,82200,9.46,491,0
117,16.01,9.49,9.27,82000,80600,82352,187533,9409,82200,9.46,491,0
118,16.01,9.50,9.47,82100,80600,82352,187533,9409,82200,9.46,491,0
119,16.01,9.51,9.43,82100,80600,82352,187533,9409,82200,9.46,491,0
120,16.01,9.52,9.37,82100,80600,82352,187533,9409,82200,9.46,491,0
121,16.01,9.53,9.30,82100,80600,82352,187533,9409,82200,9.46,491,0
122,16.01,9.54,9.52,82200,80600,82352,187533,9409,82200,9.46,491,1
123,16.01,9.55,9.51,82200,80600,82352,187533,9409,82200,9.46,491,1
124,16.01,9.56,9.51,82200,80600,82352,187533,9409,82200,9.46,491,1
125,16.01,9.57,9.51,82200,80600,82352,187533,9409,82200,9.46,491,1
126,16.01,9.58,9.50,82200,80600,82352,187533,9409,82200,9.46,491,1
127,16.01,9.59,9.49,82200,80600,82352,187533,9409,82200,9.46,491,1
128,16.01,9.60,9.46,82200,80600,82352,187533,9409,82200,9.46,491,1
2979,15.12,9.30,9.18,83800,82600,84572,179133,7698,84500,9.57,867,0
2980,15.12,9.31,9.16,83800,82600,84572,179133,7698,84500,9.57,867,0
2981,15.12,9.32,9.15,83800,82600,84572,179133,7698,84500,9.57,867,0
2982,15.12,9.33,9.13,83800,82600,84572,179133,7698,84500,9.57,867,0
2983,15.12,9.34,9.11,83800,82600,84572,179133,7698,84500,9.57,867,0
2984,15.12,9.35,9.10,83800,82600,84572,179133,7698,84500,9.57,867,0
2985,15.12,9.36,9.07,83800,82600,84572,179133,7698,84500,9.57,867,0
2986,15.12,9.37,9.04,83800,82600,84572,179133,7698,84500,9.57,867,0
2987,15.12,9.38,9.00,83800,82600,84572,179133,7698,84500,9.57,867,0
2988,15.12,9.39,8.56,83800,82600,84572,179133,7698,84500,9.57,867,0
2989,15.12,9.40,8.51,83800,82600,84572,179133,7698,84500,9.57,867,0
2990,15.12,9.41,8.48,83800,82600,84572,179133,7698,84500,9.57,867,0
2991,15.12,9.42,8.45,83800,82600,84572,179133,7698,84500,9.57,867,0
2992,15.12,9.43,9.42,83900,82600,84572,179133,7698,84500,9.57,867,0
2993,15.12,9.44,9.32,83900,82600,84572,179133,7698,84500,9.57,867,0
2994,15.12,9.45,9.26,83900,82600,84572,179133,7698,84500,9.57,867,0
2995,15.12,9.46,9.42,84000,82600,84572,179133,7698,84500,9.57,867,0
2996,15.12,9.47,9.34,84000,82600,84572,179133,7698,84500,9.57,867,0
2997,15.12,9.48,9.28,84000,82600,84572,179133,7698,84500,9.57,867,0
2998,15.12,9.49,9.47,84100,82600,84572,179133,7698,84500,9.57,867,0
2999,15.12,9.50,9.44,84100,82600,84572,179133,7698,84500,9.57,867,0
3000,15.12,9.51,9.40,84100,82600,84572,179133,7698,84500,9.57,867,0
3001,15.12,9.52,9.37,84100,82600,84572,179133,7698,84500,9.57,867,0
3002,15.12,9.53,9.34,84100,82600,84572,179133,7698,84500,9.57,867,0
3003,15.12,9.54,9.53,84200,82600,84572,179133,7698,84500,9.57,867,0
3004,15.12,9.55,9.48,84200,82600,84572,179133,7698,84500,9.57,867,0
3005,15.12,9.56,9.45,84200,82600,84572,179133,7698,84500,9.57,867,0
3006,15.12,9.57,9.51,84300,82600,84572,179133,7698,84500,9.57,867,0
3007,15.12,9.58,9.55,84400,82600,84572,179133,7698,84500,9.57,867,0
3008,15.12,9.59,9.51,84400,82600,84572,179133,7698,84500,9.57,867,0
3009,15.12,9.60,9.57,84500,82600,84572,179133,7698,84500,9.57,867,1
2851,15.11,9.30,9.03,83800,82600,84703,169159,7514,84600,9.56,889,0
2852,15.11,9.31,9.01,83800,82600,84703,169159,7514,84600,9.56,889,0
2853,15.11,9.32,8.57,83800,82600,84703,169159,7514,84600,9.56,889,0
2854,15.11,9.33,8.54,83800,82600,84703,169159,7514,84600,9.56,889,0
2855,15.11,9.34,8.49,83800,82600,84703,169159,7514,84600,9.56,889,0
2856,15.11,9.35,8.43,83800,82600,84703,169159,7514,84600,9.56,889,0
2857,15.11,9.36,9.27,83900,82600,84703,169159,7514,84600,9.56,889,0
2858,15.11,9.37,9.25,83900,82600,84703,169159,7514,84600,9.56,889,0
2859,15.11,9.38,9.23,83900,82600,84703,169159,7514,84600,9.56,889,0
2860,15.11,9.39,9.19,83900,82600,84703,169159,7514,84600,9.56,889,0
2861,15.11,9.40,9.36,84000,82600,84703,169159,7514,84600,9.56,889,0
2862,15.11,9.41,9.26,84000,82600,84703,169159,7514,84600,9.56,889,0
2863,15.11,9.42,9.21,84000,82600,84703,169159,7514,84600,9.56,889,0
2864,15.11,9.43,9.41,84100,82600,84703,169159,7514,84600,9.56,889,0
2865,15.11,9.44,9.39,84100,82600,84703,169159,7514,84600,9.56,889,0
2866,15.11,9.45,9.37,84100,82600,84703,169159,7514,84600,9.56,889,0
2867,15.11,9.46,9.35,84100,82600,84703,169159,7514,84600,9.56,889,0
2868,15.11,9.47,9.33,84100,82600,84703,169159,7514,84600,9.56,889,0
2869,15.11,9.48,9.31,84100,82600,84703,169159,7514,84600,9.56,889,0
2870,15.11,9.49,9.28,84100,82600,84703,169159,7514,84600,9.56,889,0
2871,15.11,9.50,9.24,84100,82600,84703,169159,7514,84600,9.56,889,0
2872,15.11,9.51,9.48,84200,82600,84703,169159,7514,84600,9.56,889,0
2873,15.11,9.52,9.44,84200,82600,84703,169159,7514,84600,9.56,889,0
2874,15.11,9.53,9.52,84300,82600,84703,169159,7514,84600,9.56,889,0
2875,15.11,9.54,9.46,84300,82600,84703,169159,7514,84600,9.56,889,0
2876,15.11,9.55,9.42,84300,82600,84703,169159,7514,84600,9.56,889,0
2877,15.11,9.56,9.52,84400,82600,84703,169159,7514,84600,9.56,889,0
2878,15.11,9.57,9.57,84500,82600,84703,169159,7514,84600,9.56,889,0
2879,15.11,9.58,9.53,84500,82600,84703,169159,7514,84600,9.56,889,0
2880,15.11,9.59,9.57,84600,82600,84703,169159,7514,84600,9.56,889,1
2881,15.11,9.60,9.56,84600,82600,84703,169159,7514,84600,9.56,889,1
2723,15.10,9.30,9.24,84200,82600,85424,170995,7763,85300,9.52,72,0
2724,15.10,9.31,9.18,84200,82600,85424,170995,7763,85300,9.52,72,0
2725,15.10,9.32,9.13,84200,82600,85424,170995,7763,85300,9.52,72,0
2726,15.10,9.33,9.26,84300,82600,85424,170995,7763,85300,9.52,72,0
2727,15.10,9.34,9.21,84300,82600,85424,170995,7763,85300,9.52,72,0
2728,15.10,9.35,9.15,84300,82600,85424,170995,7763,85300,9.52,72,0
2729,15.10,9.36,9.33,84400,82600,85424,170995,7763,85300,9.52,72,0
2730,15.10,9.37,9.31,84400,82600,85424,170995,7763,85300,9.52,72,0
2731,15.10,9.38,9.26,84400,82600,85424,170995,7763,85300,9.52,72,0
2732,15.10,9.39,9.18,84400,82600,85424,170995,7763,85300,9.52,72,0
2733,15.10,9.40,9.37,84500,82600,85424,170995,7763,85300,9.52,72,0
2734,15.10,9.41,9.36,84500,82600,85424,170995,7763,85300,9.52,72,0
2735,15.10,9.42,9.33,84500,82600,85424,170995,7763,85300,9.52,72,0
2736,15.10,9.43,9.41,84600,82600,85424,170995,7763,85300,9.52,72,0
2737,15.10,9.44,9.39,84600,82600,85424,170995,7763,85300,9.52,72,0
2738,15.10,9.45,9.34,84600,82600,85424,170995,7763,85300,9.52,72,0
2739,15.10,9.46,9.42,84700,82600,85424,170995,7763,85300,9.52,72,0
2740,15.10,9.47,9.38,84700,82600,85424,170995,7763,85300,9.52,72,0
2741,15.10,9.48,9.45,84800,82600,85424,170995,7763,85300,9.52,72,0
2742,15.10,9.49,9.42,84800,82600,85424,170995,7763,85300,9.52,72,0
2743,15.10,9.50,9.47,84900,82600,85424,170995,7763,85300,9.52,72,0
2744,15.10,9.51,9.44,84900,82600,85424,170995,7763,85300,9.52,72,0
2745,15.10,9.52,9.48,85000,82600,85424,170995,7763,85300,9.52,72,0
2746,15.10,9.53,9.47,85000,82600,85424,170995,7763,85300,9.52,72,0
2747,15.10,9.54,9.50,85100,82600,85424,170995,7763,85300,9.52,72,0
2748,15.10,9.55,9.54,85200,82600,85424,170995,7763,85300,9.52,72,0
2749,15.10,9.56,9.51,85200,82600,85424,170995,7763,85300,9.52,72,0
2750,15.10,9.57,9.56,85300,82600,85424,170995,7763,85300,9.52,72,1
2751,15.10,9.58,9.55,85300,82600,85424,170995,7763,85300,9.52,72,1
2752,15.10,9.59,9.53,85300,82600,85424,170995,7763,85300,9.52,72,1
2753,15.10,9.60,9.52,85300,82600,85424,170995,7763,85300,9.52,72,1
2593,15.09,9.30,9.15,81200,79900,82172,165765,8727,82100,9.58,540,0
2594,15.09,9.31,9.11,81200,79900,82172,165765,8727,82100,9.58,540,0
2595,15.09,9.32,9.18,81300,79900,82172,165765,8727,82100,9.58,540,0
2596,15.09,9.33,9.13,81300,79900,82172,165765,8727,82100,9.58,540,0
2597,15.09,9.34,9.34,81400,79900,82172,165765,8727,82100,9.58,540,0
2598,15.09,9.35,9.32,81400,79900,82172,165765,8727,82100,9.58,540,0
2599,15.09,9.36,9.31,81400,79900,82172,165765,8727,82100,9.58,540,0
2600,15.09,9.37,9.29,81400,79900,82172,165765,8727,82100,9.58,540,0
2601,15.09,9.38,9.28,81400,79900,82172,165765,8727,82100,9.58,540,0
2602,15.09,9.39,9.27,81400,79900,82172,165765,8727,82100,9.58,540,0
2603,15.09,9.40,9.25,81400,79900,82172,165765,8727,82100,9.58,540,0
2604,15.09,9.41,9.22,81400,79900,82172,165765,8727,82100,9.58,540,0
2605,15.09,9.42,9.20,81400,79900,82172,165765,8727,82100,9.58,540,0
2606,15.09,9.43,9.17,81400,79900,82172,165765,8727,82100,9.58,540,0
2607,15.09,9.44,9.43,81500,79900,82172,165765,8727,82100,9.58,540,0
2608,15.09,9.45,9.39,81500,79900,82172,165765,8727,82100,9.58,540,0
2609,15.09,9.46,9.36,81500,79900,82172,165765,8727,82100,9.58,540,0
2610,15.09,9.47,9.32,81500,79900,82172,165765,8727,82100,9.58,540,0
2611,15.09,9.48,9.43,81600,79900,82172,165765,8727,82100,9.58,540,0
2612,15.09,9.49,9.38,81600,79900,82172,165765,8727,82100,9.58,540,0
2613,15.09,9.50,9.49,81700,79900,82172,165765,8727,82100,9.58,540,0
2614,15.09,9.51,9.46,81700,79900,82172,165765,8727,82100,9.58,540,0
2615,15.09,9.52,9.39,81700,79900,82172,165765,8727,82100,9.58,540,0
2616,15.09,9.53,9.50,81800,79900,82172,165765,8727,82100,9.58,540,0
2617,15.09,9.54,9.46,81800,79900,82172,165765,8727,82100,9.58,540,0
2618,15.09,9.55,9.45,81800,79900,82172,165765,8727,82100,9.58,540,0
2619,15.09,9.56,9.50,81900,79900,82172,165765,8727,82100,9.58,540,0
2620,15.09,9.57,9.54,82000,79900,82172,165765,8727,82100,9.58,540,0
2621,15.09,9.58,9.52,82000,79900,82172,165765,8727,82100,9.58,540,0
2622,15.09,9.59,9.51,82000,79900,82172,165765,8727,82100,9.58,540,0
2623,15.09,9.60,9.58,82100,79900,82172,165765,8727,82100,9.58,540,1
2465,15.08,9.30,9.19,81500,79900,82642,166939,7454,82600,9.58,949,0
2466,15.08,9.31,9.14,81500,79900,82642,166939,7454,82600,9.58,949,0
2467,15.08,9.32,9.27,81600,79900,82642,166939,7454,82600,9.58,949,0
2468,15.08,9.33,9.22,81600,79900,82642,166939,7454,82600,9.58,949,0
2469,15.08,9.34,9.17,81600,79900,82642,166939,7454,82600,9.58,949,0
2470,15.08,9.35,9.34,81700,79900,82642,166939,7454,82600,9.58,949,0
2471,15.08,9.36,9.30,81700,79900,82642,166939,7454,82600,9.58,949,0
2472,15.08,9.37,9.26,81700,79900,82642,166939,7454,82600,9.58,949,0
2473,15.08,9.38,9.18,81700,79900,82642,166939,7454,82600,9.58,949,0
2474,15.08,9.39,9.37,81800,79900,82642,166939,7454,82600,9.58,949,0
2475,15.08,9.40,9.35,81800,79900,82642,166939,7454,82600,9.58,949,0
2476,15.08,9.41,9.32,81800,79900,82642,166939,7454,82600,9.58,949,0
2477,15.08,9.42,9.30,81800,79900,82642,166939,7454,82600,9.58,949,0
2478,15.08,9.43,9.40,81900,79900,82642,166939,7454,82600,9.58,949,0
2479,15.08,9.44,9.37,81900,79900,82642,166939,7454,82600,9.58,949,0
2480,15.08,9.45,9.33,81900,79900,82642,166939,7454,82600,9.58,949,0
2481,15.08,9.46,9.44,82000,79900,82642,166939,7454,82600,9.58,949,0
2482,15.08,9.47,9.42,82000,79900,82642,166939,7454,82600,9.58,949,0
2483,15.08,9.48,9.40,82000,79900,82642,166939,7454,82600,9.58,949,0
2484,15.08,9.49,9.39,82000,79900,82642,166939,7454,82600,9.58,949,0
2485,15.08,9.50,9.49,82100,79900,82642,166939,7454,82600,9.58,949,0
2486,15.08,9.51,9.47,82100,79900,82642,166939,7454,82600,9.58,949,0
2487,15.08,9.52,9.51,82200,79900,82642,166939,7454,82600,9.58,949,0
2488,15.08,9.53,9.46,82200,79900,82642,166939,7454,82600,9.58,949,0
2489,15.08,9.54,9.49,82300,79900,82642,166939,7454,82600,9.58,949,0
2490,15.08,9.55,9.51,82400,79900,82642,166939,7454,82600,9.58,949,0
2491,15.08,9.56,9.55,82500,79900,82642,166939,7454,82600,9.58,949,0
2492,15.08,9.57,9.54,82500,79900,82642,166939,7454,82600,9.58,949,0
2493,15.08,9.58,9.53,82500,79900,82642,166939,7454,82600,9.58,949,0
2494,15.08,9.59,9.59,82600,79900,82642,166939,7454,82600,9.58,949,1
2495,15.08,9.60,9.58,82600,79900,82642,166939,7454,82600,9.58,949,1
2337,15.07,9.30,9.21,82000,79900,83171,166302,7531,83100,9.55,670,0
2338,15.07,9.31,9.19,82000,79900,83171,166302,7531,83100,9.55,670,0
2339,15.07,9.32,9.17,82000,79900,83171,166302,7531,83100,9.55,670,0
2340,15.07,9.33,9.17,82000,79900,83171,166302,7531,83100,9.55,670,0
2341,15.07,9.34,9.32,82100,79900,83171,166302,7531,83100,9.55,670,0
2342,15.07,9.35,9.29,82100,79900,83171,166302,7531,83100,9.55,670,0
2343,15.07,9.36,9.25,82100,79900,83171,166302,7531,83100,9.55,670,0
2344,15.07,9.37,9.33,82200,79900,83171,166302,7531,83100,9.55,670,0
2345,15.07,9.38,9.28,82200,79900,83171,166302,7531,83100,9.55,670,0
2346,15.07,9.39,9.37,82300,79900,83171,166302,7531,83100,9.55,670,0
2347,15.07,9.40,9.35,82300,79900,83171,166302,7531,83100,9.55,670,0
2348,15.07,9.41,9.31,82300,79900,83171,166302,7531,83100,9.55,670,0
2349,15.07,9.42,9.41,82400,79900,83171,166302,7531,83100,9.55,670,0
2350,15.07,9.43,9.39,82400,79900,83171,166302,7531,83100,9.55,670,0
2351,15.07,9.44,9.43,82500,79900,83171,166302,7531,83100,9.55,670,0
2352,15.07,9.45,9.42,82500,79900,83171,166302,7531,83100,9.55,670,0
2353,15.07,9.46,9.39,82500,79900,83171,166302,7531,83100,9.55,670,0
2354,15.07,9.47,9.46,82600,79900,83171,166302,7531,83100,9.55,670,0
2355,15.07,9.48,9.44,82600,79900,83171,166302,7531,83100,9.55,670,0
2356,15.07,9.49,9.41,82600,79900,83171,166302,7531,83100,9.55,670,0
2357,15.07,9.50,9.47,82700,79900,83171,166302,7531,83100,9.55,670,0
2358,15.07,9.51,9.50,82800,79900,83171,166302,7531,83100,9.55,670,0
2359,15.07,9.52,9.48,82800,79900,83171,166302,7531,83100,9.55,670,0
2360,15.07,9.53,9.45,82800,79900,83171,166302,7531,83100,9.55,670,0
2361,15.07,9.54,9.49,82900,79900,83171,166302,7531,83100,9.55,670,0
2362,15.07,9.55,9.54,83000,79900,83171,166302,7531,83100,9.55,670,0
2363,15.07,9.56,9.53,83000,79900,83171,166302,7531,83100,9.55,670,0
2364,15.07,9.57,9.52,83000,79900,83171,166302,7531,83100,9.55,670,0
2365,15.07,9.58,9.51,83000,79900,83171,166302,7531,83100,9.55,670,0
2366,15.07,9.59,9.56,83100,79900,83171,166302,7531,83100,9.55,670,1
2367,15.07,9.60,9.55,83100,79900,83171,166302,7531,83100,9.55,670,1
2206,15.06,9.30,9.27,78600,75200,80020,172205,7441,80000,9.59,512,0
2207,15.06,9.31,9.23,78600,75200,80020,172205,7441,80000,9.59,512,0
2208,15.06,9.32,9.31,78700,75200,80020,172205,7441,80000,9.59,512,0
2209,15.06,9.33,9.26,78700,75200,80020,172205,7441,80000,9.59,512,0
2210,15.06,9.34,9.31,78800,75200,80020,172205,7441,80000,9.59,512,0
2211,15.06,9.35,9.28,78800,75200,80020,172205,7441,80000,9.59,512,0
2212,15.06,9.36,9.31,78900,75200,80020,172205,7441,80000,9.59,512,0
2213,15.06,9.37,9.36,79000,75200,80020,172205,7441,80000,9.59,512,0
2214,15.06,9.38,9.34,79000,75200,80020,172205,7441,80000,9.59,512,0
2215,15.06,9.39,9.38,79100,75200,80020,172205,7441,80000,9.59,512,0
2216,15.06,9.40,9.36,79100,75200,80020,172205,7441,80000,9.59,512,0
2217,15.06,9.41,9.35,79100,75200,80020,172205,7441,80000,9.59,512,0
2218,15.06,9.42,9.41,79200,75200,80020,172205,7441,80000,9.59,512,0
2219,15.06,9.43,9.39,79200,75200,80020,172205,7441,80000,9.59,512,0
2220,15.06,9.44,9.37,79200,75200,80020,172205,7441,80000,9.59,512,0
2221,15.06,9.45,9.40,79300,75200,80020,172205,7441,80000,9.59,512,0
2222,15.06,9.46,9.46,79400,75200,80020,172205,7441,80000,9.59,512,0
2223,15.06,9.47,9.41,79400,75200,80020,172205,7441,80000,9.59,512,0
2224,15.06,9.48,9.47,79500,75200,80020,172205,7441,80000,9.59,512,0
2225,15.06,9.49,9.44,79500,75200,80020,172205,7441,80000,9.59,512,0
2226,15.06,9.50,9.50,79600,75200,80020,172205,7441,80000,9.59,512,0
2227,15.06,9.51,9.47,79600,75200,80020,172205,7441,80000,9.59,512,0
2228,15.06,9.52,9.46,79600,75200,80020,172205,7441,80000,9.59,512,0
2229,15.06,9.53,9.49,79700,75200,80020,172205,7441,80000,9.59,512,0
2230,15.06,9.54,9.47,79700,75200,80020,172205,7441,80000,9.59,512,0
2231,15.06,9.55,9.53,79800,75200,80020,172205,7441,80000,9.59,512,0
2232,15.06,9.56,9.50,79800,75200,80020,172205,7441,80000,9.59,512,0
2233,15.06,9.57,9.55,79900,75200,80020,172205,7441,80000,9.59,512,0
2234,15.06,9.58,9.53,79900,75200,80020,172205,7441,80000,9.59,512,0
2235,15.06,9.59,9.52,79900,75200,80020,172205,7441,80000,9.59,512,0
2236,15.06,9.60,9.59,80000,75200,80020,172205,7441,80000,9.59,512,1
2066,15.05,9.30,9.21,78600,75200,79099,156007,7482,79000,9.53,20,0
2067,15.05,9.31,9.18,78600,75200,79099,156007,7482,79000,9.53,20,0
2068,15.05,9.32,9.16,78600,75200,79099,156007,7482,79000,9.53,20,0
2069,15.05,9.33,9.14,78600,75200,79099,156007,7482,79000,9.53,20,0
2070,15.05,9.34,9.12,78600,75200,79099,156007,7482,79000,9.53,20,0
2071,15.05,9.35,9.10,78600,75200,79099,156007,7482,79000,9.53,20,0
2072,15.05,9.36,9.09,78600,75200,79099,156007,7482,79000,9.53,20,0
2073,15.05,9.37,9.07,78600,75200,79099,156007,7482,79000,9.53,20,0
2074,15.05,9.38,9.04,78600,75200,79099,156007,7482,79000,9.53,20,0
2075,15.05,9.39,9.00,78600,75200,79099,156007,7482,79000,9.53,20,0
2076,15.05,9.40,9.33,78700,75200,79099,156007,7482,79000,9.53,20,0
2077,15.05,9.41,9.27,78700,75200,79099,156007,7482,79000,9.53,20,0
2078,15.05,9.42,9.20,78700,75200,79099,156007,7482,79000,9.53,20,0
2079,15.05,9.43,9.41,78800,75200,79099,156007,7482,79000,9.53,20,0
2080,15.05,9.44,9.38,78800,75200,79099,156007,7482,79000,9.53,20,0
2081,15.05,9.45,9.32,78800,75200,79099,156007,7482,79000,9.53,20,0
2082,15.05,9.46,9.29,78800,75200,79099,156007,7482,79000,9.53,20,0
2083,15.05,9.47,9.26,78800,75200,79099,156007,7482,79000,9.53,20,0
2084,15.05,9.48,9.24,78800,75200,79099,156007,7482,79000,9.53,20,0
2085,15.05,9.49,9.21,78800,75200,79099,156007,7482,79000,9.53,20,0
2086,15.05,9.50,9.20,78800,75200,79099,156007,7482,79000,9.53,20,0
2087,15.05,9.51,9.48,78900,75200,79099,156007,7482,79000,9.53,20,0
2088,15.05,9.52,9.46,78900,75200,79099,156007,7482,79000,9.53,20,0
2089,15.05,9.53,9.42,78900,75200,79099,156007,7482,79000,9.53,20,0
2090,15.05,9.54,9.39,78900,75200,79099,156007,7482,79000,9.53,20,0
2091,15.05,9.55,9.36,78900,75200,79099,156007,7482,79000,9.53,20,0
2092,15.05,9.56,9.33,78900,75200,79099,156007,7482,79000,9.53,20,0
2093,15.05,9.57,9.30,78900,75200,79099,156007,7482,79000,9.53,20,0
2094,15.05,9.58,9.28,78900,75200,79099,156007,7482,79000,9.53,20,0
2095,15.05,9.59,9.53,79000,75200,79099,156007,7482,79000,9.53,20,1
2096,15.05,9.60,9.53,79000,75200,79099,156007,7482,79000,9.53,20,1
1919,15.04,9.30,9.03,80100,75200,80759,152298,8288,80600,9.41,115,0
1920,15.04,9.31,9.00,80100,75200,80759,152298,8288,80600,9.41,115,0
1921,15.04,9.32,0.00,80100,75200,80759,152298,8288,80600,9.41,115,0
1922,15.04,9.33,8.56,80100,75200,80759,152298,8288,80600,9.41,115,0
1923,15.04,9.34,8.53,80100,75200,80759,152298,8288,80600,9.41,115,0
1924,15.04,9.35,8.51,80100,75200,80759,152298,8288,80600,9.41,115,0
1925,15.04,9.36,9.26,80100,75200,80759,152298,8288,80600,9.41,115,0
1926,15.04,9.37,9.17,80100,75200,80759,152298,8288,80600,9.41,115,0
1927,15.04,9.38,9.07,80200,75200,80759,152298,8288,80600,9.41,115,0
1928,15.04,9.39,9.02,80200,75200,80759,152298,8288,80600,9.41,115,0
1929,15.04,9.40,9.36,80300,75200,80759,152298,8288,80600,9.41,115,0
1930,15.04,9.41,9.31,80300,75200,80759,152298,8288,80600,9.41,115,0
1931,15.04,9.42,9.24,80300,75200,80759,152298,8288,80600,9.41,115,0
1932,15.04,9.43,9.19,80300,75200,80759,152298,8288,80600,9.41,115,0
1933,15.04,9.44,9.16,80300,75200,80759,152298,8288,80600,9.41,115,0
1934,15.04,9.45,9.13,80300,75200,80759,152298,8288,80600,9.41,115,0
1935,15.04,9.46,9.12,80300,75200,80759,152298,8288,80600,9.41,115,0
1936,15.04,9.47,9.10,80300,75200,80759,152298,8288,80600,9.41,115,0
1937,15.04,9.48,9.09,80300,75200,80759,152298,8288,80600,9.41,115,0
1938,15.04,9.49,9.45,80400,75200,80759,152298,8288,80600,9.41,115,0
1939,15.04,9.50,9.40,80400,75200,80759,152298,8288,80600,9.41,115,0
1940,15.04,9.51,9.34,80400,75200,80759,152298,8288,80600,9.41,115,0
1941,15.04,9.52,9.30,80400,75200,80759,152298,8288,80600,9.41,115,0
1942,15.04,9.53,9.47,80500,75200,80759,152298,8288,80600,9.41,115,0
1943,15.04,9.54,9.39,80500,75200,80759,152298,8288,80600,9.41,115,0
1944,15.04,9.55,9.53,80600,75200,80759,152298,8288,80600,9.41,115,1
1945,15.04,9.56,9.53,80600,75200,80759,152298,8288,80600,9.41,115,1
1946,15.04,9.57,9.45,80600,75200,80759,152298,8288,80600,9.41,115,1
1947,15.04,9.58,9.42,80600,75200,80759,152298,8288,80600,9.41,115,1
1948,15.04,9.59,9.41,80600,75200,80759,152298,8288,80600,9.41,115,1
1949,15.04,9.60,9.41,80600,75200,80759,152298,8288,80600,9.41,115,1
1756,15.03,9.30,1.10,74600,73700,74830,132690,7406,74600,0.16,6,1
1757,15.03,9.31,1.05,74600,73700,74830,132690,7406,74600,0.16,6,1
1758,15.03,9.32,1.05,74600,73700,74830,132690,7406,74600,0.16,6,1
1759,15.03,9.33,1.05,74600,73700,74830,132690,7406,74600,0.16,6,1
1760,15.03,9.34,1.00,74600,73700,74830,132690,7406,74600,0.16,6,1
1761,15.03,9.35,1.00,74600,73700,74830,132690,7406,74600,0.16,6,1
1762,15.03,9.36,1.00,74600,73700,74830,132690,7406,74600,0.16,6,1
1763,15.03,9.37,0.55,74600,73700,74830,132690,7406,74600,0.16,6,1
1764,15.03,9.38,0.55,74600,73700,74830,132690,7406,74600,0.16,6,1
1765,15.03,9.39,0.55,74600,73700,74830,132690,7406,74600,0.16,6,1
1766,15.03,9.40,0.50,74600,73700,74830,132690,7406,74600,0.16,6,1
1767,15.03,9.41,0.50,74600,73700,74830,132690,7406,74600,0.16,6,1
1768,15.03,9.42,0.50,74600,73700,74830,132690,7406,74600,0.16,6,1
1769,15.03,9.43,0.46,74600,73700,74830,132690,7406,74600,0.16,6,1
1770,15.03,9.44,0.46,74600,73700,74830,132690,7406,74600,0.16,6,1
1771,15.03,9.45,0.46,74600,73700,74830,132690,7406,74600,0.16,6,1
1772,15.03,9.46,0.42,74600,73700,74830,132690,7406,74600,0.16,6,1
1773,15.03,9.47,0.41,74600,73700,74830,132690,7406,74600,0.16,6,1
1774,15.03,9.48,0.41,74600,73700,74830,132690,7406,74600,0.16,6,1
1775,15.03,9.49,0.36,74600,73700,74830,132690,7406,74600,0.16,6,1
1776,15.03,9.50,0.34,74600,73700,74830,132690,7406,74600,0.16,6,1
1777,15.03,9.51,0.34,74600,73700,74830,132690,7406,74600,0.16,6,1
1778,15.03,9.52,0.31,74600,73700,74830,132690,7406,74600,0.16,6,1
1779,15.03,9.53,0.30,74600,73700,74830,132690,7406,74600,0.16,6,1
1780,15.03,9.54,0.28,74600,73700,74830,132690,7406,74600,0.16,6,1
1781,15.03,9.55,0.23,74600,73700,74830,132690,7406,74600,0.16,6,1
1782,15.03,9.56,0.22,74600,73700,74830,132690,7406,74600,0.16,6,1
1783,15.03,9.57,0.20,74600,73700,74830,132690,7406,74600,0.16,6,1
1784,15.03,9.58,0.16,74600,73700,74830,132690,7406,74600,0.16,6,1
1785,15.03,9.59,0.16,74600,73700,74830,132690,7406,74600,0.16,6,1
1786,15.03,9.60,0.16,74900,73700,74830,132690,7406,74600,0.16,6,0
1623,15.02,9.30,8.25,76100,73700,76618,103224,7653,76500,9.49,73,0
1624,15.02,9.31,9.21,76200,73700,76618,103224,7653,76500,9.49,73,0
1625,15.02,9.32,9.11,76200,73700,76618,103224,7653,76500,9.49,73,0
1626,15.02,9.33,9.06,76200,73700,76618,103224,7653,76500,9.49,73,0
1627,15.02,9.34,9.01,76200,73700,76618,103224,7653,76500,9.49,73,0
1628,15.02,9.35,9.00,76200,73700,76618,103224,7653,76500,9.49,73,0
1629,15.02,9.36,8.59,76200,73700,76618,103224,7653,76500,9.49,73,0
1630,15.02,9.37,8.59,76200,73700,76618,103224,7653,76500,9.49,73,0
1631,15.02,9.38,8.56,76200,73700,76618,103224,7653,76500,9.49,73,0
1632,15.02,9.39,8.55,76200,73700,76618,103224,7653,76500,9.49,73,0
1633,15.02,9.40,8.54,76200,73700,76618,103224,7653,76500,9.49,73,0
1634,15.02,9.41,8.53,76200,73700,76618,103224,7653,76500,9.49,73,0
1635,15.02,9.42,8.52,76200,73700,76618,103224,7653,76500,9.49,73,0
1636,15.02,9.43,8.51,76200,73700,76618,103224,7653,76500,9.49,73,0
1637,15.02,9.44,8.50,76200,73700,76618,103224,7653,76500,9.49,73,0
1638,15.02,9.45,8.49,76200,73700,76618,103224,7653,76500,9.49,73,0
1639,15.02,9.46,9.44,76200,73700,76618,103224,7653,76500,9.49,73,0
1640,15.02,9.47,9.23,76300,73700,76618,103224,7653,76500,9.49,73,0
1641,15.02,9.48,9.14,76300,73700,76618,103224,7653,76500,9.49,73,0
1642,15.02,9.49,9.07,76300,73700,76618,103224,7653,76500,9.49,73,0
1643,15.02,9.50,9.02,76300,73700,76618,103224,7653,76500,9.49,73,0
1644,15.02,9.51,9.00,76300,73700,76618,103224,7653,76500,9.49,73,0
1645,15.02,9.52,8.58,76300,73700,76618,103224,7653,76500,9.49,73,0
1646,15.02,9.53,8.58,76300,73700,76618,103224,7653,76500,9.49,73,0
1647,15.02,9.54,9.41,76400,73700,76618,103224,7653,76500,9.49,73,0
1648,15.02,9.55,9.24,76400,73700,76618,103224,7653,76500,9.49,73,0
1649,15.02,9.56,9.11,76400,73700,76618,103224,7653,76500,9.49,73,0
1650,15.02,9.57,9.03,76400,73700,76618,103224,7653,76500,9.49,73,0
1651,15.02,9.58,9.56,76500,73700,76618,103224,7653,76500,9.49,73,1
1652,15.02,9.59,9.50,76500,73700,76618,103224,7653,76500,9.49,73,1
1653,15.02,9.60,9.49,76500,73700,76618,103224,7653,76500,9.49,73,1
1484,15.01,9.30,0.08,74000,73700,74216,98203,7990,74000,2.48,2,1
1485,15.01,9.31,9.50,74000,73700,74216,98203,7990,74000,2.48,2,1
1486,15.01,9.32,9.25,74000,73700,74216,98203,7990,74000,2.48,2,1
1487,15.01,9.33,9.08,74000,73700,74216,98203,7990,74000,2.48,2,1
1488,15.01,9.34,8.41,74000,73700,74216,98203,7990,74000,2.48,2,1
1489,15.01,9.35,8.12,74000,73700,74216,98203,7990,74000,2.48,2,1
1490,15.01,9.36,7.48,74000,73700,74216,98203,7990,74000,2.48,2,1
1491,15.01,9.37,7.19,74000,73700,74216,98203,7990,74000,2.48,2,1
1492,15.01,9.38,6.52,74000,73700,74216,98203,7990,74000,2.48,2,1
1493,15.01,9.39,6.36,74000,73700,74216,98203,7990,74000,2.48,2,1
1494,15.01,9.40,6.02,74000,73700,74216,98203,7990,74000,2.48,2,1
1495,15.01,9.41,5.38,74000,73700,74216,98203,7990,74000,2.48,2,1
1496,15.01,9.42,5.18,74000,73700,74216,98203,7990,74000,2.48,2,1
1497,15.01,9.43,4.59,74000,73700,74216,98203,7990,74000,2.48,2,1
1498,15.01,9.44,4.31,74000,73700,74216,98203,7990,74000,2.48,2,1
1499,15.01,9.45,4.31,74000,73700,74216,98203,7990,74000,2.48,2,1
1500,15.01,9.46,3.24,74000,73700,74216,98203,7990,74000,2.48,2,1
1501,15.01,9.47,2.52,74000,73700,74216,98203,7990,74000,2.48,2,1
1502,15.01,9.48,1.51,74000,73700,74216,98203,7990,74000,2.48,2,1
1503,15.01,9.49,1.16,74000,73700,74216,98203,7990,74000,2.48,2,1
1504,15.01,9.50,0.25,74000,73700,74216,98203,7990,74000,2.48,2,1
1505,15.01,9.51,9.30,74000,73700,74216,98203,7990,74000,2.48,2,1
1506,15.01,9.52,8.36,74000,73700,74216,98203,7990,74000,2.48,2,1
1507,15.01,9.53,7.40,74000,73700,74216,98203,7990,74000,2.48,2,1
1508,15.01,9.54,7.07,74000,73700,74216,98203,7990,74000,2.48,2,1
1509,15.01,9.55,6.33,74000,73700,74216,98203,7990,74000,2.48,2,1
1510,15.01,9.56,5.28,74000,73700,74216,98203,7990,74000,2.48,2,1
1511,15.01,9.57,4.41,74000,73700,74216,98203,7990,74000,2.48,2,1
1512,15.01,9.58,3.50,74000,73700,74216,98203,7990,74000,2.48,2,1
1513,15.01,9.59,3.13,74000,73700,74216,98203,7990,74000,2.48,2,1
1514,15.01,9.60,2.48,74000,73700,74216,98203,7990,74000,2.48,2,1
4459,14.12,9.30,2.42,72900,72600,73687,96972,7447,73600,9.56,628,0
4460,14.12,9.31,0.41,72900,72600,73687,96972,7447,73600,9.56,628,0
4461,14.12,9.32,8.21,72900,72600,73687,96972,7447,73600,9.56,628,0
4462,14.12,9.33,6.23,72900,72600,73687,96972,7447,73600,9.56,628,0
4463,14.12,9.34,6.23,72900,72600,73687,96972,7447,73600,9.56,628,0
4464,14.12,9.35,3.32,72900,72600,73687,96972,7447,73600,9.56,628,0
4465,14.12,9.36,2.19,72900,72600,73687,96972,7447,73600,9.56,628,0
4466,14.12,9.37,1.43,72900,72600,73687,96972,7447,73600,9.56,628,0
4467,14.12,9.38,1.07,72900,72600,73687,96972,7447,73600,9.56,628,0
4468,14.12,9.39,0.50,72900,72600,73687,96972,7447,73600,9.56,628,0
4469,14.12,9.40,0.33,72900,72600,73687,96972,7447,73600,9.56,628,0
4470,14.12,9.41,0.21,72900,72600,73687,96972,7447,73600,9.56,628,0
4471,14.12,9.42,0.04,72900,72600,73687,96972,7447,73600,9.56,628,0
4472,14.12,9.43,8.47,73000,72600,73687,96972,7447,73600,9.56,628,0
4473,14.12,9.44,9.17,73100,72600,73687,96972,7447,73600,9.56,628,0
4474,14.12,9.45,8.45,73100,72600,73687,96972,7447,73600,9.56,628,0
4475,14.12,9.46,9.43,73200,72600,73687,96972,7447,73600,9.56,628,0
4476,14.12,9.47,9.39,73200,72600,73687,96972,7447,73600,9.56,628,0
4477,14.12,9.48,9.30,73200,72600,73687,96972,7447,73600,9.56,628,0
4478,14.12,9.49,9.19,73200,72600,73687,96972,7447,73600,9.56,628,0
4479,14.12,9.50,9.11,73200,72600,73687,96972,7447,73600,9.56,628,0
4480,14.12,9.51,9.00,73200,72600,73687,96972,7447,73600,9.56,628,0
4481,14.12,9.52,9.46,73300,72600,73687,96972,7447,73600,9.56,628,0
4482,14.12,9.53,9.48,73400,72600,73687,96972,7447,73600,9.56,628,0
4483,14.12,9.54,9.52,73500,72600,73687,96972,7447,73600,9.56,628,0
4484,14.12,9.55,9.51,73500,72600,73687,96972,7447,73600,9.56,628,0
4485,14.12,9.56,9.49,73500,72600,73687,96972,7447,73600,9.56,628,0
4486,14.12,9.57,9.48,73500,72600,73687,96972,7447,73600,9.56,628,0
4487,14.12,9.58,9.47,73500,72600,73687,96972,7447,73600,9.56,628,0
4488,14.12,9.59,9.58,73600,72600,73687,96972,7447,73600,9.56,628,1
4489,14.12,9.60,9.56,73600,72600,73687,96972,7447,73600,9.56,628,1
4337,14.11,9.30,2.57,72900,72600,73633,95595,7400,73500,9.50,77,0
4338,14.11,9.31,1.59,72900,72600,73633,95595,7400,73500,9.50,77,0
4339,14.11,9.32,0.41,72900,72600,73633,95595,7400,73500,9.50,77,0
4340,14.11,9.33,9.09,72900,72600,73633,95595,7400,73500,9.50,77,0
4341,14.11,9.34,7.24,72900,72600,73633,95595,7400,73500,9.50,77,0
4342,14.11,9.35,4.42,72900,72600,73633,95595,7400,73500,9.50,77,0
4343,14.11,9.36,2.12,72900,72600,73633,95595,7400,73500,9.50,77,0
4344,14.11,9.37,9.27,72900,72600,73633,95595,7400,73500,9.50,77,0
4345,14.11,9.38,6.57,72900,72600,73633,95595,7400,73500,9.50,77,0
4346,14.11,9.39,4.33,72900,72600,73633,95595,7400,73500,9.50,77,0
4347,14.11,9.40,2.43,72900,72600,73633,95595,7400,73500,9.50,77,0
4348,14.11,9.41,1.46,72900,72600,73633,95595,7400,73500,9.50,77,0
4349,14.11,9.42,1.00,72900,72600,73633,95595,7400,73500,9.50,77,0
4350,14.11,9.43,0.44,72900,72600,73633,95595,7400,73500,9.50,77,0
4351,14.11,9.44,0.20,72900,72600,73633,95595,7400,73500,9.50,77,0
4352,14.11,9.45,0.02,72900,72600,73633,95595,7400,73500,9.50,77,0
4353,14.11,9.46,9.26,73100,72600,73633,95595,7400,73500,9.50,77,0
4354,14.11,9.47,9.46,73200,72600,73633,95595,7400,73500,9.50,77,0
4355,14.11,9.48,9.41,73200,72600,73633,95595,7400,73500,9.50,77,0
4356,14.11,9.49,9.30,73200,72600,73633,95595,7400,73500,9.50,77,0
4357,14.11,9.50,9.18,73200,72600,73633,95595,7400,73500,9.50,77,0
4358,14.11,9.51,9.08,73200,72600,73633,95595,7400,73500,9.50,77,0
4359,14.11,9.52,9.49,73300,72600,73633,95595,7400,73500,9.50,77,0
4360,14.11,9.53,9.47,73300,72600,73633,95595,7400,73500,9.50,77,0
4361,14.11,9.54,9.51,73400,72600,73633,95595,7400,73500,9.50,77,0
4362,14.11,9.55,9.47,73400,72600,73633,95595,7400,73500,9.50,77,0
4363,14.11,9.56,9.54,73500,72600,73633,95595,7400,73500,9.50,77,1
4364,14.11,9.57,9.53,73500,72600,73633,95595,7400,73500,9.50,77,1
4365,14.11,9.58,9.52,73500,72600,73633,95595,7400,73500,9.50,77,1
4366,14.11,9.59,9.50,73500,72600,73633,95595,7400,73500,9.50,77,1
4367,14.11,9.60,9.50,73500,72600,73633,95595,7400,73500,9.50,77,1
4215,14.10,9.30,8.44,73200,72600,74075,105532,7400,74000,9.59,30,0
4216,14.10,9.31,8.44,73200,72600,74075,105532,7400,74000,9.59,30,0
4217,14.10,9.32,8.32,73200,72600,74075,105532,7400,74000,9.59,30,0
4218,14.10,9.33,8.23,73200,72600,74075,105532,7400,74000,9.59,30,0
4219,14.10,9.34,8.17,73200,72600,74075,105532,7400,74000,9.59,30,0
4220,14.10,9.35,8.11,73200,72600,74075,105532,7400,74000,9.59,30,0
4221,14.10,9.36,8.01,73200,72600,74075,105532,7400,74000,9.59,30,0
4222,14.10,9.37,9.26,73300,72600,74075,105532,7400,74000,9.59,30,0
4223,14.10,9.38,9.19,73300,72600,74075,105532,7400,74000,9.59,30,0
4224,14.10,9.39,9.26,73400,72600,74075,105532,7400,74000,9.59,30,0
4225,14.10,9.40,9.38,73500,72600,74075,105532,7400,74000,9.59,30,0
4226,14.10,9.41,9.36,73500,72600,74075,105532,7400,74000,9.59,30,0
4227,14.10,9.42,9.32,73500,72600,74075,105532,7400,74000,9.59,30,0
4228,14.10,9.43,9.28,73500,72600,74075,105532,7400,74000,9.59,30,0
4229,14.10,9.44,9.23,73500,72600,74075,105532,7400,74000,9.59,30,0
4230,14.10,9.45,9.44,73600,72600,74075,105532,7400,74000,9.59,30,0
4231,14.10,9.46,9.40,73600,72600,74075,105532,7400,74000,9.59,30,0
4232,14.10,9.47,9.38,73600,72600,74075,105532,7400,74000,9.59,30,0
4233,14.10,9.48,9.43,73700,72600,74075,105532,7400,74000,9.59,30,0
4234,14.10,9.49,9.48,73800,72600,74075,105532,7400,74000,9.59,30,0
4235,14.10,9.50,9.47,73800,72600,74075,105532,7400,74000,9.59,30,0
4236,14.10,9.51,9.46,73800,72600,74075,105532,7400,74000,9.59,30,0
4237,14.10,9.52,9.45,73800,72600,74075,105532,7400,74000,9.59,30,0
4238,14.10,9.53,9.44,73800,72600,74075,105532,7400,74000,9.59,30,0
4239,14.10,9.54,9.43,73800,72600,74075,105532,7400,74000,9.59,30,0
4240,14.10,9.55,9.42,73800,72600,74075,105532,7400,74000,9.59,30,0
4241,14.10,9.56,9.56,73900,72600,74075,105532,7400,74000,9.59,30,0
4242,14.10,9.57,9.52,73900,72600,74075,105532,7400,74000,9.59,30,0
4243,14.10,9.58,9.49,73900,72600,74075,105532,7400,74000,9.59,30,0
4244,14.10,9.59,9.48,73900,72600,74075,105532,7400,74000,9.59,30,0
4245,14.10,9.60,9.59,74000,72600,74075,105532,7400,74000,9.59,30,1
4091,14.09,9.30,8.10,73200,72600,73875,122219,8300,73800,9.52,183,0
4092,14.09,9.31,8.08,73200,72600,73875,122219,8300,73800,9.52,183,0
4093,14.09,9.32,8.05,73200,72600,73875,122219,8300,73800,9.52,183,0
4094,14.09,9.33,8.00,73200,72600,73875,122219,8300,73800,9.52,183,0
4095,14.09,9.34,7.54,73200,72600,73875,122219,8300,73800,9.52,183,0
4096,14.09,9.35,7.46,73200,72600,73875,122219,8300,73800,9.52,183,0
4097,14.09,9.36,7.37,73200,72600,73875,122219,8300,73800,9.52,183,0
4098,14.09,9.37,9.23,73300,72600,73875,122219,8300,73800,9.52,183,0
4099,14.09,9.38,9.16,73300,72600,73875,122219,8300,73800,9.52,183,0
4100,14.09,9.39,9.16,73300,72600,73875,122219,8300,73800,9.52,183,0
4101,14.09,9.40,9.07,73300,72600,73875,122219,8300,73800,9.52,183,0
4102,14.09,9.41,9.29,73400,72600,73875,122219,8300,73800,9.52,183,0
4103,14.09,9.42,9.18,73400,72600,73875,122219,8300,73800,9.52,183,0
4104,14.09,9.43,9.10,73400,72600,73875,122219,8300,73800,9.52,183,0
4105,14.09,9.44,9.43,73500,72600,73875,122219,8300,73800,9.52,183,0
4106,14.09,9.45,9.41,73500,72600,73875,122219,8300,73800,9.52,183,0
4107,14.09,9.46,9.37,73500,72600,73875,122219,8300,73800,9.52,183,0
4108,14.09,9.47,9.31,73500,72600,73875,122219,8300,73800,9.52,183,0
4109,14.09,9.48,9.27,73500,72600,73875,122219,8300,73800,9.52,183,0
4110,14.09,9.49,9.23,73500,72600,73875,122219,8300,73800,9.52,183,0
4111,14.09,9.50,9.23,73500,72600,73875,122219,8300,73800,9.52,183,0
4112,14.09,9.51,9.17,73500,72600,73875,122219,8300,73800,9.52,183,0
4113,14.09,9.52,9.13,73500,72600,73875,122219,8300,73800,9.52,183,0
4114,14.09,9.53,9.12,73500,72600,73875,122219,8300,73800,9.52,183,0
4115,14.09,9.54,9.47,73600,72600,73875,122219,8300,73800,9.52,183,0
4116,14.09,9.55,9.53,73700,72600,73875,122219,8300,73800,9.52,183,0
4117,14.09,9.56,9.42,73700,72600,73875,122219,8300,73800,9.52,183,0
4118,14.09,9.57,9.55,73800,72600,73875,122219,8300,73800,9.52,183,1
4119,14.09,9.58,9.54,73800,72600,73875,122219,8300,73800,9.52,183,1
4120,14.09,9.59,9.54,73800,72600,73875,122219,8300,73800,9.52,183,1
4121,14.09,9.60,9.52,73800,72600,73875,122219,8300,73800,9.52,183,1
3966,14.08,9.30,8.50,73200,72600,73785,121550,7400,73600,9.44,53,0
3967,14.08,9.31,8.47,73200,72600,73785,121550,7400,73600,9.44,53,0
3968,14.08,9.32,8.43,73200,72600,73785,121550,7400,73600,9.44,53,0
3969,14.08,9.33,8.40,73200,72600,73785,121550,7400,73600,9.44,53,0
3970,14.08,9.34,8.36,73200,72600,73785,121550,7400,73600,9.44,53,0
3971,14.08,9.35,8.32,73200,72600,73785,121550,7400,73600,9.44,53,0
3972,14.08,9.36,8.27,73200,72600,73785,121550,7400,73600,9.44,53,0
3973,14.08,9.37,8.23,73200,72600,73785,121550,7400,73600,9.44,53,0
3974,14.08,9.38,8.18,73200,72600,73785,121550,7400,73600,9.44,53,0
3975,14.08,9.39,8.13,73200,72600,73785,121550,7400,73600,9.44,53,0
3976,14.08,9.40,8.09,73200,72600,73785,121550,7400,73600,9.44,53,0
3977,14.08,9.41,8.03,73200,72600,73785,121550,7400,73600,9.44,53,0
3978,14.08,9.42,7.54,73200,72600,73785,121550,7400,73600,9.44,53,0
3979,14.08,9.43,9.28,73300,72600,73785,121550,7400,73600,9.44,53,0
3980,14.08,9.44,9.21,73300,72600,73785,121550,7400,73600,9.44,53,0
3981,14.08,9.45,9.38,73400,72600,73785,121550,7400,73600,9.44,53,0
3982,14.08,9.46,9.23,73400,72600,73785,121550,7400,73600,9.44,53,0
3983,14.08,9.47,9.47,73500,72600,73785,121550,7400,73600,9.44,53,0
3984,14.08,9.48,9.44,73500,72600,73785,121550,7400,73600,9.44,53,0
3985,14.08,9.49,9.39,73500,72600,73785,121550,7400,73600,9.44,53,0
3986,14.08,9.50,9.37,73500,72600,73785,121550,7400,73600,9.44,53,0
3987,14.08,9.51,9.35,73500,72600,73785,121550,7400,73600,9.44,53,0
3988,14.08,9.52,9.33,73500,72600,73785,121550,7400,73600,9.44,53,0
3989,14.08,9.53,9.30,73500,72600,73785,121550,7400,73600,9.44,53,0
3990,14.08,9.54,9.28,73500,72600,73785,121550,7400,73600,9.44,53,0
3991,14.08,9.55,9.24,73500,72600,73785,121550,7400,73600,9.44,53,0
3992,14.08,9.56,9.20,73500,72600,73785,121550,7400,73600,9.44,53,0
3993,14.08,9.57,9.18,73500,72600,73785,121550,7400,73600,9.44,53,0
3994,14.08,9.58,9.54,73600,72600,73785,121550,7400,73600,9.44,53,1
3995,14.08,9.59,0.00,73600,72600,73785,121550,7400,73600,9.44,53,1
3996,14.08,9.60,9.44,73600,72600,73785,121550,7400,73600,9.44,53,1
3841,14.07,9.30,9.21,74000,72600,74680,136098,7400,74600,9.59,23,0
3842,14.07,9.31,9.31,74100,72600,74680,136098,7400,74600,9.59,23,0
3843,14.07,9.32,9.29,74100,72600,74680,136098,7400,74600,9.59,23,0
3844,14.07,9.33,9.26,74100,72600,74680,136098,7400,74600,9.59,23,0
3845,14.07,9.34,9.25,74100,72600,74680,136098,7400,74600,9.59,23,0
3846,14.07,9.35,9.23,74100,72600,74680,136098,7400,74600,9.59,23,0
3847,14.07,9.36,9.22,74100,72600,74680,136098,7400,74600,9.59,23,0
3848,14.07,9.37,9.21,74100,72600,74680,136098,7400,74600,9.59,23,0
3849,14.07,9.38,9.36,74200,72600,74680,136098,7400,74600,9.59,23,0
3850,14.07,9.39,9.34,74200,72600,74680,136098,7400,74600,9.59,23,0
3851,14.07,9.40,9.30,74200,72600,74680,136098,7400,74600,9.59,23,0
3852,14.07,9.41,9.29,74200,72600,74680,136098,7400,74600,9.59,23,0
3853,14.07,9.42,9.28,74200,72600,74680,136098,7400,74600,9.59,23,0
3854,14.07,9.43,9.26,74200,72600,74680,136098,7400,74600,9.59,23,0
3855,14.07,9.44,9.39,74300,72600,74680,136098,7400,74600,9.59,23,0
3856,14.07,9.45,9.37,74300,72600,74680,136098,7400,74600,9.59,23,0
3857,14.07,9.46,9.34,74300,72600,74680,136098,7400,74600,9.59,23,0
3858,14.07,9.47,9.30,74300,72600,74680,136098,7400,74600,9.59,23,0
3859,14.07,9.48,9.47,74400,72600,74680,136098,7400,74600,9.59,23,0
3860,14.07,9.49,9.44,74400,72600,74680,136098,7400,74600,9.59,23,0
3861,14.07,9.50,9.40,74400,72600,74680,136098,7400,74600,9.59,23,0
3862,14.07,9.51,9.36,74400,72600,74680,136098,7400,74600,9.59,23,0
3863,14.07,9.52,9.34,74400,72600,74680,136098,7400,74600,9.59,23,0
3864,14.07,9.53,9.33,74400,72600,74680,136098,7400,74600,9.59,23,0
3865,14.07,9.54,9.32,74400,72600,74680,136098,7400,74600,9.59,23,0
3866,14.07,9.55,9.53,74500,72600,74680,136098,7400,74600,9.59,23,0
3867,14.07,9.56,9.50,74500,72600,74680,136098,7400,74600,9.59,23,0
3868,14.07,9.57,9.47,74500,72600,74680,136098,7400,74600,9.59,23,0
3869,14.07,9.58,9.43,74500,72600,74680,136098,7400,74600,9.59,23,0
3870,14.07,9.59,9.41,74500,72600,74680,136098,7400,74600,9.59,23,0
3871,14.07,9.60,9.59,74600,72600,74680,136098,7400,74600,9.59,23,1
3716,14.06,9.30,9.12,73500,72600,73896,135677,7400,73800,9.45,238,0
3717,14.06,9.31,0.00,73500,72600,73896,135677,7400,73800,9.45,238,0
3718,14.06,9.32,9.11,73500,72600,73896,135677,7400,73800,9.45,238,0
3719,14.06,9.33,0.00,73500,72600,73896,135677,7400,73800,9.45,238,0
3720,14.06,9.34,9.09,73500,72600,73896,135677,7400,73800,9.45,238,0
3721,14.06,9.35,9.06,73500,72600,73896,135677,7400,73800,9.45,238,0
3722,14.06,9.36,0.00,73500,72600,73896,135677,7400,73800,9.45,238,0
3723,14.06,9.37,9.03,73500,72600,73896,135677,7400,73800,9.45,238,0
3724,14.06,9.38,0.00,73500,72600,73896,135677,7400,73800,9.45,238,0
3725,14.06,9.39,8.58,73500,72600,73896,135677,7400,73800,9.45,238,0
3726,14.06,9.40,0.00,73500,72600,73896,135677,7400,73800,9.45,238,0
3727,14.06,9.41,8.54,73500,72600,73896,135677,7400,73800,9.45,238,0
3728,14.06,9.42,0.00,73500,72600,73896,135677,7400,73800,9.45,238,0
3729,14.06,9.43,8.51,73500,72600,73896,135677,7400,73800,9.45,238,0
3730,14.06,9.44,8.42,73500,72600,73896,135677,7400,73800,9.45,238,0
3731,14.06,9.45,0.00,73500,72600,73896,135677,7400,73800,9.45,238,0
3732,14.06,9.46,8.34,73500,72600,73896,135677,7400,73800,9.45,238,0
3733,14.06,9.47,0.00,73500,72600,73896,135677,7400,73800,9.45,238,0
3734,14.06,9.48,8.23,73500,72600,73896,135677,7400,73800,9.45,238,0
3735,14.06,9.49,0.00,73500,72600,73896,135677,7400,73800,9.45,238,0
3736,14.06,9.50,9.30,73600,72600,73896,135677,7400,73800,9.45,238,0
3737,14.06,9.51,0.00,73600,72600,73896,135677,7400,73800,9.45,238,0
3738,14.06,9.52,9.51,73700,72600,73896,135677,7400,73800,9.45,238,0
3739,14.06,9.53,0.00,73700,72600,73896,135677,7400,73800,9.45,238,0
3740,14.06,9.54,9.53,73800,72600,73896,135677,7400,73800,9.45,238,1
3741,14.06,9.55,9.52,73800,72600,73896,135677,7400,73800,9.45,238,1
3742,14.06,9.56,0.00,73800,72600,73896,135677,7400,73800,9.45,238,1
3743,14.06,9.57,9.49,73800,72600,73896,135677,7400,73800,9.45,238,1
3744,14.06,9.58,0.00,73800,72600,73896,135677,7400,73800,9.45,238,1
3745,14.06,9.59,9.46,73800,72600,73896,135677,7400,73800,9.45,238,1
3746,14.06,9.60,9.45,73800,72600,73896,135677,7400,73800,9.45,238,1
3591,14.05,9.30,0.00,73600,72600,74503,114121,7400,74400,9.48,219,0
3592,14.05,9.31,9.05,73600,72600,74503,114121,7400,74400,9.48,219,0
3593,14.05,9.32,9.17,73700,72600,74503,114121,7400,74400,9.48,219,0
3594,14.05,9.33,9.10,73700,72600,74503,114121,7400,74400,9.48,219,0
3595,14.05,9.34,9.33,73800,72600,74503,114121,7400,74400,9.48,219,0
3596,14.05,9.35,9.30,73800,72600,74503,114121,7400,74400,9.48,219,0
3597,14.05,9.36,0.00,73800,72600,74503,114121,7400,74400,9.48,219,0
3598,14.05,9.37,9.26,73800,72600,74503,114121,7400,74400,9.48,219,0
3599,14.05,9.38,9.21,73800,72600,74503,114121,7400,74400,9.48,219,0
3600,14.05,9.39,9.14,73800,72600,74503,114121,7400,74400,9.48,219,0
3601,14.05,9.40,9.11,73800,72600,74503,114121,7400,74400,9.48,219,0
3602,14.05,9.41,9.29,73900,72600,74503,114121,7400,74400,9.48,219,0
3603,14.05,9.42,9.35,74000,72600,74503,114121,7400,74400,9.48,219,0
3604,14.05,9.43,9.42,74100,72600,74503,114121,7400,74400,9.48,219,0
3605,14.05,9.44,9.41,74100,72600,74503,114121,7400,74400,9.48,219,0
3606,14.05,9.45,9.41,74100,72600,74503,114121,7400,74400,9.48,219,0
3607,14.05,9.46,9.39,74100,72600,74503,114121,7400,74400,9.48,219,0
3608,14.05,9.47,9.38,74100,72600,74503,114121,7400,74400,9.48,219,0
3609,14.05,9.48,9.37,74100,72600,74503,114121,7400,74400,9.48,219,0
3610,14.05,9.49,9.45,74200,72600,74503,114121,7400,74400,9.48,219,0
3611,14.05,9.50,0.00,74200,72600,74503,114121,7400,74400,9.48,219,0
3612,14.05,9.51,9.42,74200,72600,74503,114121,7400,74400,9.48,219,0
3613,14.05,9.52,9.49,74300,72600,74503,114121,7400,74400,9.48,219,0
3614,14.05,9.53,9.45,74300,72600,74503,114121,7400,74400,9.48,219,0
3615,14.05,9.54,9.53,74400,72600,74503,114121,7400,74400,9.48,219,1
3616,14.05,9.55,9.53,74400,72600,74503,114121,7400,74400,9.48,219,1
3617,14.05,9.56,9.52,74400,72600,74503,114121,7400,74400,9.48,219,1
3618,14.05,9.57,9.50,74400,72600,74503,114121,7400,74400,9.48,219,1
3619,14.05,9.58,9.49,74400,72600,74503,114121,7400,74400,9.48,219,1
3620,14.05,9.59,9.48,74400,72600,74503,114121,7400,74400,9.48,219,1
3621,14.05,9.60,9.48,74400,72600,74503,114121,7400,74400,9.48,219,1
3468,14.04,9.30,8.53,73300,72600,74113,94241,8200,74000,9.45,44,0
3469,14.04,9.31,9.11,73400,72600,74113,94241,8200,74000,9.45,44,0
3470,14.04,9.32,9.05,73400,72600,74113,94241,8200,74000,9.45,44,0
3471,14.04,9.33,9.32,73500,72600,74113,94241,8200,74000,9.45,44,0
3472,14.04,9.34,9.31,73500,72600,74113,94241,8200,74000,9.45,44,0
3473,14.04,9.35,0.00,73500,72600,74113,94241,8200,74000,9.45,44,0
3474,14.04,9.36,9.24,73500,72600,74113,94241,8200,74000,9.45,44,0
3475,14.04,9.37,9.18,73500,72600,74113,94241,8200,74000,9.45,44,0
3476,14.04,9.38,9.14,73500,72600,74113,94241,8200,74000,9.45,44,0
3477,14.04,9.39,9.07,73500,72600,74113,94241,8200,74000,9.45,44,0
3478,14.04,9.40,9.07,73500,72600,74113,94241,8200,74000,9.45,44,0
3479,14.04,9.41,9.06,73500,72600,74113,94241,8200,74000,9.45,44,0
3480,14.04,9.42,9.06,73500,72600,74113,94241,8200,74000,9.45,44,0
3481,14.04,9.43,0.00,73600,72600,74113,94241,8200,74000,9.45,44,0
3482,14.04,9.44,9.44,73700,72600,74113,94241,8200,74000,9.45,44,0
3483,14.04,9.45,9.33,73700,72600,74113,94241,8200,74000,9.45,44,0
3484,14.04,9.46,9.45,73800,72600,74113,94241,8200,74000,9.45,44,0
3485,14.04,9.47,9.44,73800,72600,74113,94241,8200,74000,9.45,44,0
3486,14.04,9.48,9.42,73800,72600,74113,94241,8200,74000,9.45,44,0
3487,14.04,9.49,9.37,73800,72600,74113,94241,8200,74000,9.45,44,0
3488,14.04,9.50,9.36,73800,72600,74113,94241,8200,74000,9.45,44,0
3489,14.04,9.51,9.36,73800,72600,74113,94241,8200,74000,9.45,44,0
3490,14.04,9.52,9.36,73800,72600,74113,94241,8200,74000,9.45,44,0
3491,14.04,9.53,9.50,73800,72600,74113,94241,8200,74000,9.45,44,0
3492,14.04,9.54,9.47,73900,72600,74113,94241,8200,74000,9.45,44,0
3493,14.04,9.55,0.00,73900,72600,74113,94241,8200,74000,9.45,44,0
3494,14.04,9.56,9.56,74000,72600,74113,94241,8200,74000,9.45,44,1
3495,14.04,9.57,9.51,74000,72600,74113,94241,8200,74000,9.45,44,1
3496,14.04,9.58,9.48,74000,72600,74113,94241,8200,74000,9.45,44,1
3497,14.04,9.59,9.45,74000,72600,74113,94241,8200,74000,9.45,44,1
3498,14.04,9.60,9.45,74000,72600,74113,94241,8200,74000,9.45,44,1
3343,14.03,9.30,3.47,73200,72600,73872,61853,7400,73800,9.48,259,0
3344,14.03,9.31,9.18,73300,72600,73872,61853,7400,73800,9.48,259,0
3345,14.03,9.32,9.14,73300,72600,73872,61853,7400,73800,9.48,259,0
3346,14.03,9.33,9.21,73400,72600,73872,61853,7400,73800,9.48,259,0
3347,14.03,9.34,9.16,73400,72600,73872,61853,7400,73800,9.48,259,0
3348,14.03,9.35,9.34,73500,72600,73872,61853,7400,73800,9.48,259,0
3349,14.03,9.36,9.33,73500,72600,73872,61853,7400,73800,9.48,259,0
3350,14.03,9.37,9.31,73500,72600,73872,61853,7400,73800,9.48,259,0
3351,14.03,9.38,9.29,73500,72600,73872,61853,7400,73800,9.48,259,0
3352,14.03,9.39,9.27,73500,72600,73872,61853,7400,73800,9.48,259,0
3353,14.03,9.40,9.25,73500,72600,73872,61853,7400,73800,9.48,259,0
3354,14.03,9.41,9.22,73500,72600,73872,61853,7400,73800,9.48,259,0
3355,14.03,9.42,9.21,73500,72600,73872,61853,7400,73800,9.48,259,0
3356,14.03,9.43,9.20,73500,72600,73872,61853,7400,73800,9.48,259,0
3357,14.03,9.44,9.19,73500,72600,73872,61853,7400,73800,9.48,259,0
3358,14.03,9.45,9.18,73500,72600,73872,61853,7400,73800,9.48,259,0
3359,14.03,9.46,9.17,73500,72600,73872,61853,7400,73800,9.48,259,0
3360,14.03,9.47,9.16,73500,72600,73872,61853,7400,73800,9.48,259,0
3361,14.03,9.48,9.48,73600,72600,73872,61853,7400,73800,9.48,259,0
3362,14.03,9.49,9.37,73600,72600,73872,61853,7400,73800,9.48,259,0
3363,14.03,9.50,9.50,73700,72600,73872,61853,7400,73800,9.48,259,0
3364,14.03,9.51,9.44,73700,72600,73872,61853,7400,73800,9.48,259,0
3365,14.03,9.52,9.35,73700,72600,73872,61853,7400,73800,9.48,259,0
3366,14.03,9.53,9.52,73800,72600,73872,61853,7400,73800,9.48,259,1
3367,14.03,9.54,9.51,73800,72600,73872,61853,7400,73800,9.48,259,1
3368,14.03,9.55,9.51,73800,72600,73872,61853,7400,73800,9.48,259,1
3369,14.03,9.56,9.50,73800,72600,73872,61853,7400,73800,9.48,259,1
3370,14.03,9.57,9.49,73800,72600,73872,61853,7400,73800,9.48,259,1
3371,14.03,9.58,9.49,73800,72600,73872,61853,7400,73800,9.48,259,1
3372,14.03,9.59,9.49,73800,72600,73872,61853,7400,73800,9.48,259,1
3373,14.03,9.60,9.48,73800,72600,73872,61853,7400,73800,9.48,259,1
3221,14.02,9.30,9.30,72900,72600,73357,45758,7400,73200,9.44,347,0
3222,14.02,9.31,9.30,72900,72600,73357,45758,7400,73200,9.44,347,0
3223,14.02,9.32,9.28,72900,72600,73357,45758,7400,73200,9.44,347,0
3224,14.02,9.33,9.21,72900,72600,73357,45758,7400,73200,9.44,347,0
3225,14.02,9.34,9.18,72900,72600,73357,45758,7400,73200,9.44,347,0
3226,14.02,9.35,9.15,72900,72600,73357,45758,7400,73200,9.44,347,0
3227,14.02,9.36,9.13,72900,72600,73357,45758,7400,73200,9.44,347,0
3228,14.02,9.37,9.09,72900,72600,73357,45758,7400,73200,9.44,347,0
3229,14.02,9.38,9.03,72900,72600,73357,45758,7400,73200,9.44,347,0
3230,14.02,9.39,8.50,72900,72600,73357,45758,7400,73200,9.44,347,0
3231,14.02,9.40,8.34,72900,72600,73357,45758,7400,73200,9.44,347,0
3232,14.02,9.41,8.13,72900,72600,73357,45758,7400,73200,9.44,347,0
3233,14.02,9.42,7.38,72900,72600,73357,45758,7400,73200,9.44,347,0
3234,14.02,9.43,6.23,72900,72600,73357,45758,7400,73200,9.44,347,0
3235,14.02,9.44,3.59,72900,72600,73357,45758,7400,73200,9.44,347,0
3236,14.02,9.45,9.07,72900,72600,73357,45758,7400,73200,9.44,347,0
3237,14.02,9.46,3.54,72900,72600,73357,45758,7400,73200,9.44,347,0
3238,14.02,9.47,6.15,72900,72600,73357,45758,7400,73200,9.44,347,0
3239,14.02,9.48,2.46,72900,72600,73357,45758,7400,73200,9.44,347,0
3240,14.02,9.49,1.05,72900,72600,73357,45758,7400,73200,9.44,347,0
3241,14.02,9.50,0.26,72900,72600,73357,45758,7400,73200,9.44,347,0
3242,14.02,9.51,0.15,72900,72600,73357,45758,7400,73200,9.44,347,0
3243,14.02,9.52,0.06,72900,72600,73357,45758,7400,73200,9.44,347,0
3244,14.02,9.53,9.43,73100,72600,73357,45758,7400,73200,9.44,347,0
3245,14.02,9.54,9.54,73200,72600,73357,45758,7400,73200,9.44,347,1
3246,14.02,9.55,9.53,73200,72600,73357,45758,7400,73200,9.44,347,1
3247,14.02,9.56,9.52,73200,72600,73357,45758,7400,73200,9.44,347,1
3248,14.02,9.57,9.50,73200,72600,73357,45758,7400,73200,9.44,347,1
3249,14.02,9.58,9.48,73200,72600,73357,45758,7400,73200,9.44,347,1
3250,14.02,9.59,9.45,73200,72600,73357,45758,7400,73200,9.44,347,1
3251,14.02,9.60,9.44,73200,72600,73357,45758,7400,73200,9.44,347,1
3100,14.01,9.30,0.06,72600,72600,73501,41946,8100,73500,9.59,158,0
3101,14.01,9.31,1.14,72700,72600,73501,41946,8100,73500,9.59,158,0
3102,14.01,9.32,0.16,72800,72600,73501,41946,8100,73500,9.59,158,0
3103,14.01,9.33,9.32,72900,72600,73501,41946,8100,73500,9.59,158,0
3104,14.01,9.34,9.31,72900,72600,73501,41946,8100,73500,9.59,158,0
3105,14.01,9.35,9.25,72900,72600,73501,41946,8100,73500,9.59,158,0
3106,14.01,9.36,9.12,72900,72600,73501,41946,8100,73500,9.59,158,0
3107,14.01,9.37,8.45,72900,72600,73501,41946,8100,73500,9.59,158,0
3108,14.01,9.38,7.54,72900,72600,73501,41946,8100,73500,9.59,158,0
3109,14.01,9.39,5.26,72900,72600,73501,41946,8100,73500,9.59,158,0
3110,14.01,9.40,0.25,72900,72600,73501,41946,8100,73500,9.59,158,0
3111,14.01,9.41,4.56,72900,72600,73501,41946,8100,73500,9.59,158,0
3112,14.01,9.42,8.19,72900,72600,73501,41946,8100,73500,9.59,158,0
3113,14.01,9.43,6.49,72900,72600,73501,41946,8100,73500,9.59,158,0
3114,14.01,9.44,2.38,72900,72600,73501,41946,8100,73500,9.59,158,0
3115,14.01,9.45,0.39,72900,72600,73501,41946,8100,73500,9.59,158,0
3116,14.01,9.46,0.12,72900,72600,73501,41946,8100,73500,9.59,158,0
3117,14.01,9.47,9.40,73000,72600,73501,41946,8100,73500,9.59,158,0
3118,14.01,9.48,9.39,73100,72600,73501,41946,8100,73500,9.59,158,0
3119,14.01,9.49,9.48,73200,72600,73501,41946,8100,73500,9.59,158,0
3120,14.01,9.50,9.47,73200,72600,73501,41946,8100,73500,9.59,158,0
3121,14.01,9.51,9.46,73200,72600,73501,41946,8100,73500,9.59,158,0
3122,14.01,9.52,9.45,73200,72600,73501,41946,8100,73500,9.59,158,0
3123,14.01,9.53,9.44,73200,72600,73501,41946,8100,73500,9.59,158,0
3124,14.01,9.54,9.42,73200,72600,73501,41946,8100,73500,9.59,158,0
3125,14.01,9.55,9.39,73200,72600,73501,41946,8100,73500,9.59,158,0
3126,14.01,9.56,9.36,73200,72600,73501,41946,8100,73500,9.59,158,0
3127,14.01,9.57,9.33,73200,72600,73501,41946,8100,73500,9.59,158,0
3128,14.01,9.58,9.58,73400,72600,73501,41946,8100,73500,9.59,158,0
3129,14.01,9.59,9.50,73400,72600,73501,41946,8100,73500,9.59,158,0
3130,14.01,9.60,9.59,73500,72600,73501,41946,8100,73500,9.59,158,1
6320,13.08,9.30,7.06,74400,74100,74939,22650,9000,74700,9.24,30,0
6321,13.08,9.31,6.05,74400,74100,74939,22650,9000,74700,9.24,30,0
6322,13.08,9.32,4.40,74400,74100,74939,22650,9000,74700,9.24,30,0
6323,13.08,9.33,2.19,74400,74100,74939,22650,9000,74700,9.24,30,0
6324,13.08,9.34,0.22,74400,74100,74939,22650,9000,74700,9.24,30,0
6325,13.08,9.35,8.13,74400,74100,74939,22650,9000,74700,9.24,30,0
6326,13.08,9.36,5.15,74400,74100,74939,22650,9000,74700,9.24,30,0
6327,13.08,9.37,0.21,74400,74100,74939,22650,9000,74700,9.24,30,0
6328,13.08,9.38,6.10,74400,74100,74939,22650,9000,74700,9.24,30,0
6329,13.08,9.39,2.59,74400,74100,74939,22650,9000,74700,9.24,30,0
6330,13.08,9.40,1.33,74400,74100,74939,22650,9000,74700,9.24,30,0
6331,13.08,9.41,0.44,74400,74100,74939,22650,9000,74700,9.24,30,0
6332,13.08,9.42,0.22,74400,74100,74939,22650,9000,74700,9.24,30,0
6333,13.08,9.43,0.12,74400,74100,74939,22650,9000,74700,9.24,30,0
6334,13.08,9.44,0.04,74400,74100,74939,22650,9000,74700,9.24,30,0
6335,13.08,9.45,9.22,74500,74100,74939,22650,9000,74700,9.24,30,0
6336,13.08,9.46,9.28,74600,74100,74939,22650,9000,74700,9.24,30,0
6337,13.08,9.47,9.47,74700,74100,74939,22650,9000,74700,9.24,30,1
6338,13.08,9.48,9.46,74700,74100,74939,22650,9000,74700,9.24,30,1
6339,13.08,9.49,9.45,74700,74100,74939,22650,9000,74700,9.24,30,1
6340,13.08,9.50,9.44,74700,74100,74939,22650,9000,74700,9.24,30,1
6341,13.08,9.51,9.42,74700,74100,74939,22650,9000,74700,9.24,30,1
6342,13.08,9.52,9.40,74700,74100,74939,22650,9000,74700,9.24,30,1
6343,13.08,9.53,9.39,74700,74100,74939,22650,9000,74700,9.24,30,1
6344,13.08,9.54,9.38,74700,74100,74939,22650,9000,74700,9.24,30,1
6345,13.08,9.55,9.37,74700,74100,74939,22650,9000,74700,9.24,30,1
6346,13.08,9.56,9.35,74700,74100,74939,22650,9000,74700,9.24,30,1
6347,13.08,9.57,9.33,74700,74100,74939,22650,9000,74700,9.24,30,1
6348,13.08,9.58,9.30,74700,74100,74939,22650,9000,74700,9.24,30,1
6349,13.08,9.59,9.24,74700,74100,74939,22650,9000,74700,9.24,30,1
